facility_id,facility_name,lga_name,suburb,postcode,full_address,latitude,longitude,sport,court_count,surface_type,indoor_outdoor,age_of_facility,condition_of_facility,condition_score,source_file,source_sheet,source_notes
ALPINE10919,Bright Community Sports Stadium,Alpine Shire Council,Bright,3741,"Deacon Avenue, BRIGHT 3741",-36.733294,146.963623,Basketball,2,Wooden Gymnasium,Indoor,,,,Sport and Recreational Facilities List - Victoria.xlsx,wholeIFMD,Filtered rows where Sports Played is Basketball. Exact duplicate sport rows removed; repeated facility IDs combined into one venue record. court_count sums distinct basketball surface/court rows for a venue where court count is available.
ALPINE10930,Mount Beauty Pool & Stadium,Alpine Shire Council,Mount Beauty,3699,"Pool Road, MOUNT BEAUTY 3699",-36.740988,147.168502,Basketball,1,Wooden Gymnasium,Indoor,,,,Sport and Recreational Facilities List - Victoria.xlsx,wholeIFMD,Filtered rows where Sports Played is Basketball. Exact duplicate sport rows removed; repeated facility IDs combined into one venue record. court_count sums distinct basketball surface/court rows for a venue where court count is available.
ALPINE10941,Myrtleford Indoor Sports Complex,Alpine Shire Council,Myrtleford,3737,"O'donnel Avenue, MYRTLEFORD 3737",-36.552593,146.725872,Basketball,1,Wooden Gymnasium,Indoor,,,,Sport and Recreational Facilities List - Victoria.xlsx,wholeIFMD,Filtered rows where Sports Played is Basketball. Exact duplicate sport rows removed; repeated facility IDs combined into one venue record. court_count sums distinct basketball surface/court rows for a venue where court count is available.
ARARAT12871,Ararat Rural City Recreation and Aquatics Centre,Ararat Rural City Council,Ararat,3377,"61-73 High Street, ARARAT 3377",-37.28209,142.932911,Basketball,2,,Unknown,,,,Sport and Recreational Facilities List - Victoria.xlsx,wholeIFMD,Filtered rows where Sports Played is Basketball. Exact duplicate sport rows removed; repeated facility IDs combined into one venue record. court_count sums distinct basketball surface/court rows for a venue where court count is available.
BALLAR12496,East Ballarat Recreation Centre,Ballarat City Council,Ballarat East,3350,"Fussell Street, BALLARAT EAST 3350",-37.560242,143.892582,Basketball,,,Unknown,,,,Sport and Recreational Facilities List - Victoria.xlsx,wholeIFMD,Filtered rows where Sports Played is Basketball. Exact duplicate sport rows removed; repeated facility IDs combined into one venue record. court_count sums distinct basketball surface/court rows for a venue where court count is available.
BALLAR12498,Eastwood Leisure Complex,Ballarat City Council,Ballarat,3350,"20 Eastwood Street, BALLARAT 3350",-37.56538,143.862489,Basketball,,Wooden Gymnasium,Indoor,,,,Sport and Recreational Facilities List - Victoria.xlsx,wholeIFMD,Filtered rows where Sports Played is Basketball. Exact duplicate sport rows removed; repeated facility IDs combined into one venue record. court_count sums distinct basketball surface/court rows for a venue where court count is available.
BALLAR12543,MARS Minerdome,Ballarat City Council,Wendouree,3355,"Grevillea Road, WENDOUREE 3355",-37.52842,143.840921,Basketball,4,Wooden Gymnasium,Indoor,,,,Sport and Recreational Facilities List - Victoria.xlsx,wholeIFMD,Filtered rows where Sports Played is Basketball. Exact duplicate sport rows removed; repeated facility IDs combined into one venue record. court_count sums distinct basketball surface/court rows for a venue where court count is available.
BALLAR12537,Wendouree Sports & Events Centre,Ballarat City Council,Wendouree,3355,"Norman Street, WENDOUREE 3355",-37.535116,143.843576,Basketball,2,Wooden Gymnasium,Indoor,,5. Very Good,5.0,Sport and Recreational Facilities List - Victoria.xlsx,wholeIFMD,Filtered rows where Sports Played is Basketball. Exact duplicate sport rows removed; repeated facility IDs combined into one venue record. court_count sums distinct basketball surface/court rows for a venue where court count is available.
BANYUL12837,Macleod Recreation & Fitness Centre,Banyule City Council,Macleod,3085,"157 Wungan Street, MACLEOD 3085",-37.723317,145.068971,Basketball,,Wooden Gymnasium,Indoor,26 - 50 Years,4. Good,4.0,Sport and Recreational Facilities List - Victoria.xlsx,wholeIFMD,Filtered rows where Sports Played is Basketball. Exact duplicate sport rows removed; repeated facility IDs combined into one venue record. court_count sums distinct basketball surface/court rows for a venue where court count is available.
BANYUL12841,Olympic Leisure Centre,Banyule City Council,West Heidelberg,3081,"15 Alamein Road, WEST HEIDELBERG 3081",-37.740147,145.040629,Basketball,1,Wooden Gymnasium,Indoor,26 - 50 Years,4. Good,4.0,Sport and Recreational Facilities List - Victoria.xlsx,wholeIFMD,Filtered rows where Sports Played is Basketball. Exact duplicate sport rows removed; repeated facility IDs combined into one venue record. court_count sums distinct basketball surface/court rows for a venue where court count is available.
BASSCO11918,Bass Coast Aquatic & Leisure Centre,Bass Coast Shire Council,Wonthaggi,3995,"Wentworth Road, WONTHAGGI 3995",-38.599783,145.599475,Basketball,1,Wooden Flooring,Indoor,26 - 50 Years,3. Average,3.0,Sport and Recreational Facilities List - Victoria.xlsx,wholeIFMD,Filtered rows where Sports Played is Basketball. Exact duplicate sport rows removed; repeated facility IDs combined into one venue record. court_count sums distinct basketball surface/court rows for a venue where court count is available.
BASSCO11892,Cape Paterson Sports Facility,Bass Coast Shire Council,Cape Paterson,3995,"567 Cape Paterson Rd Cape Paterson Road, CAPE PATERSON 3995",-38.669361,145.621415,Basketball,1,Asphalt,Outdoor,,,,Sport and Recreational Facilities List - Victoria.xlsx,wholeIFMD,Filtered rows where Sports Played is Basketball. Exact duplicate sport rows removed; repeated facility IDs combined into one venue record. court_count sums distinct basketball surface/court rows for a venue where court count is available.
BASSCO11893,Corinella Tennis and Bowls Club,Bass Coast Shire Council,Corinella,3984,"Anderson Parade, CORINELLA 3984",-38.413097,145.433028,Basketball,,,Unknown,,,,Sport and Recreational Facilities List - Victoria.xlsx,wholeIFMD,Filtered rows where Sports Played is Basketball. Exact duplicate sport rows removed; repeated facility IDs combined into one venue record. court_count sums distinct basketball surface/court rows for a venue where court count is available.
BASSCO11894,Coronet Bay Recreation reserve,Bass Coast Shire Council,Coronet Bay,3984,"39a Gellibrand Street, CORONET BAY 3984",-38.434736,145.438135,Basketball,1,Asphalt,Outdoor,11 - 25 Years,3. Average,3.0,Sport and Recreational Facilities List - Victoria.xlsx,wholeIFMD,Filtered rows where Sports Played is Basketball. Exact duplicate sport rows removed; repeated facility IDs combined into one venue record. court_count sums distinct basketball surface/court rows for a venue where court count is available.
BASSCO11905,Inverloch Community Hub,Bass Coast Shire Council,Inverloch,3996,"Abeckett Street, INVERLOCH 3996",-38.633258,145.727817,Basketball,1,Wooden Gymnasium,Indoor,0 - 5 Years,5. Very Good,5.0,Sport and Recreational Facilities List - Victoria.xlsx,wholeIFMD,Filtered rows where Sports Played is Basketball. Exact duplicate sport rows removed; repeated facility IDs combined into one venue record. court_count sums distinct basketball surface/court rows for a venue where court count is available.
BASSCO11898,Phillip Island leisure Centre,Bass Coast Shire Council,Cowes,3922,"10-12 Church Street, COWES 3922",-38.452373,145.24571,Basketball,1,Wooden Gymnasium,Indoor,11 - 25 Years,4. Good,4.0,Sport and Recreational Facilities List - Victoria.xlsx,wholeIFMD,Filtered rows where Sports Played is Basketball. Exact duplicate sport rows removed; repeated facility IDs combined into one venue record. court_count sums distinct basketball surface/court rows for a venue where court count is available.
BASSCO11911,San Remo Recreation Reserve,Bass Coast Shire Council,San Remo,3925,"9a Hazelwood Road, SAN REMO 3925",-38.523713,145.369858,Basketball,1,Wooden Gymnasium,Indoor,26 - 50 Years,4. Good,4.0,Sport and Recreational Facilities List - Victoria.xlsx,wholeIFMD,Filtered rows where Sports Played is Basketball. Exact duplicate sport rows removed; repeated facility IDs combined into one venue record. court_count sums distinct basketball surface/court rows for a venue where court count is available.
BAWBAW12084,Bellbird Park Indoor Stadium,Baw Baw Shire Council,Drouin,3818,"Settlement Road, DROUIN 3818",-38.135303,145.842993,Basketball,2,Wooden Gymnasium,Indoor,26 - 50 Years,3. Average,3.0,Sport and Recreational Facilities List - Victoria.xlsx,wholeIFMD,Filtered rows where Sports Played is Basketball. Exact duplicate sport rows removed; repeated facility IDs combined into one venue record. court_count sums distinct basketball surface/court rows for a venue where court count is available.
BAWBAW12103,Bells Stadium,Baw Baw Shire Council,Rawson,3825,"Pinnacle Drive, RAWSON 3825",-37.956465,146.399734,Basketball,1,Wooden Gymnasium,Indoor,26 - 50 Years,3. Average,3.0,Sport and Recreational Facilities List - Victoria.xlsx,wholeIFMD,Filtered rows where Sports Played is Basketball. Exact duplicate sport rows removed; repeated facility IDs combined into one venue record. court_count sums distinct basketball surface/court rows for a venue where court count is available.
BAWBAW12099,Neerim District recreation Centre,Baw Baw Shire Council,Neerim South,3831,"Main Neerim East Road, NEERIM SOUTH 3831",-38.016004,145.956411,Basketball,1,Wooden Gymnasium,Indoor,26 - 50 Years,3. Average,3.0,Sport and Recreational Facilities List - Victoria.xlsx,wholeIFMD,Filtered rows where Sports Played is Basketball. Exact duplicate sport rows removed; repeated facility IDs combined into one venue record. court_count sums distinct basketball surface/court rows for a venue where court count is available.
BAWBAW12137,St Pauls Anglican Grammer,Baw Baw Shire Council,Warragul,3820,"Bowen Street, WARRAGUL 3820",-38.144917,145.930688,Basketball,2,,Unknown,11 - 25 Years,4. Good,4.0,Sport and Recreational Facilities List - Victoria.xlsx,wholeIFMD,Filtered rows where Sports Played is Basketball. Exact duplicate sport rows removed; repeated facility IDs combined into one venue record. court_count sums distinct basketball surface/court rows for a venue where court count is available.
BAWBAW12113,Trafalgar High School,Baw Baw Shire Council,Trafalgar,3824,"School Road, TRAFALGAR 3824",-38.21363,146.158049,Basketball,1,Wooden Gymnasium,Indoor,,,,Sport and Recreational Facilities List - Victoria.xlsx,wholeIFMD,Filtered rows where Sports Played is Basketball. Exact duplicate sport rows removed; repeated facility IDs combined into one venue record. court_count sums distinct basketball surface/court rows for a venue where court count is available.
BAWBAW12130,Warragul Leisure Centre,Baw Baw Shire Council,Warragul,3820,"Burke Street, WARRAGUL 3820",-38.16645,145.927108,Basketball,2,Wooden Gymnasium,Indoor,26 - 50 Years,2. Poor,2.0,Sport and Recreational Facilities List - Victoria.xlsx,wholeIFMD,Filtered rows where Sports Played is Basketball. Exact duplicate sport rows removed; repeated facility IDs combined into one venue record. court_count sums distinct basketball surface/court rows for a venue where court count is available.
BENALL11088,United Friendlies Society Reserve,Benalla Rural City Council,Benalla,3672,"Ackerly Avenue, BENALLA 3672",-36.544552,145.979059,Basketball,3,Wooden Gymnasium,Indoor,11 - 25 Years,2. Poor,2.0,Sport and Recreational Facilities List - Victoria.xlsx,wholeIFMD,Filtered rows where Sports Played is Basketball. Exact duplicate sport rows removed; repeated facility IDs combined into one venue record. court_count sums distinct basketball surface/court rows for a venue where court count is available.
GREATE8714,Bendigo Stadium,Bendigo City Council,Bendigo,3550,"134 Marong Road, BENDIGO 3550",-36.758416,144.248777,Basketball,7,,Unknown,26 - 50 Years,5. Very Good,5.0,Sport and Recreational Facilities List - Victoria.xlsx,wholeIFMD,Filtered rows where Sports Played is Basketball. Exact duplicate sport rows removed; repeated facility IDs combined into one venue record. court_count sums distinct basketball surface/court rows for a venue where court count is available.
GREATE8665,Evolution Sports & Fitness Centre,Bendigo City Council,Bendigo,3550,"Edwards Road, BENDIGO 3550",-36.777569,144.301115,Basketball,,,Unknown,,,,Sport and Recreational Facilities List - Victoria.xlsx,wholeIFMD,Filtered rows where Sports Played is Basketball. Exact duplicate sport rows removed; repeated facility IDs combined into one venue record. court_count sums distinct basketball surface/court rows for a venue where court count is available.
GREATE8702,Mundy Street Stadium,Bendigo City Council,Bendigo,3550,"49 Mundy Street, BENDIGO 3550",-36.758768,144.284753,Basketball,1,,Unknown,,,,Sport and Recreational Facilities List - Victoria.xlsx,wholeIFMD,Filtered rows where Sports Played is Basketball. Exact duplicate sport rows removed; repeated facility IDs combined into one venue record. court_count sums distinct basketball surface/court rows for a venue where court count is available.
GREATE8705,Peter Krenz Leisure Centre YMCA,Bendigo City Council,Eaglehawk,3556,"16-20 Napier Street, EAGLEHAWK 3556",-36.715511,144.254708,Basketball,1,,Unknown,,,,Sport and Recreational Facilities List - Victoria.xlsx,wholeIFMD,Filtered rows where Sports Played is Basketball. Exact duplicate sport rows removed; repeated facility IDs combined into one venue record. court_count sums distinct basketball surface/court rows for a venue where court count is available.
BOROON11001,Ashburton Pool and Recreation Centre,Boroondara City Council,Ashburton,3147,"8 Warner Avenue, ASHBURTON 3147",-37.866851,145.085201,Basketball,2,,Unknown,11 - 25 Years,4. Good,4.0,Sport and Recreational Facilities List - Victoria.xlsx,wholeIFMD,Filtered rows where Sports Played is Basketball. Exact duplicate sport rows removed; repeated facility IDs combined into one venue record. court_count sums distinct basketball surface/court rows for a venue where court count is available.
BOROON11005,Balwyn Leisure Centre,Boroondara City Council,Balwyn North,3104,"230 Balwyn Road, BALWYN NORTH 3104",-37.801945,145.08444,Basketball,1,,Unknown,26 - 50 Years,2. Poor,2.0,Sport and Recreational Facilities List - Victoria.xlsx,wholeIFMD,Filtered rows where Sports Played is Basketball. Exact duplicate sport rows removed; repeated facility IDs combined into one venue record. court_count sums distinct basketball surface/court rows for a venue where court count is available.
BOROON11008,Boroondara Sports Complex,Boroondara City Council,Balwyn North,3104,"Belmore Road, BALWYN NORTH 3104",-37.803522,145.087004,Basketball,3,,Unknown,6 - 10 Years,5. Very Good,5.0,Sport and Recreational Facilities List - Victoria.xlsx,wholeIFMD,Filtered rows where Sports Played is Basketball. Exact duplicate sport rows removed; repeated facility IDs combined into one venue record. court_count sums distinct basketball surface/court rows for a venue where court count is available.
BRIMBA5605,Antwerp Drive Reserve,Brimbank City Council,Keilor Downs,3038,"12B Antwerp Drive, KEILOR DOWNS 3038",-37.722096,144.810885,Basketball,,"Concrete, Half Court",Outdoor,,,,Sport and Recreational Facilities List - Victoria.xlsx,wholeIFMD,Filtered rows where Sports Played is Basketball. Exact duplicate sport rows removed; repeated facility IDs combined into one venue record. court_count sums distinct basketball surface/court rows for a venue where court count is available.
BRIMBA5606,Ardeer Community Park,Brimbank City Council,Ardeer,3022,"140 - 164 Forrest Street, ARDEER 3022",-37.782572,144.805283,Basketball,1,Concrete,Outdoor,,,,Sport and Recreational Facilities List - Victoria.xlsx,wholeIFMD,Filtered rows where Sports Played is Basketball. Exact duplicate sport rows removed; repeated facility IDs combined into one venue record. court_count sums distinct basketball surface/court rows for a venue where court count is available.
BRIMBA8328,Balmoral Park Reserve,Brimbank City Council,Derrimut,3030,"2A Lennon Parkway, DERRIMUT 3030",-37.791913,144.765845,Basketball,1,Concrete,Outdoor,,,,Sport and Recreational Facilities List - Victoria.xlsx,wholeIFMD,Filtered rows where Sports Played is Basketball. Exact duplicate sport rows removed; repeated facility IDs combined into one venue record. court_count sums distinct basketball surface/court rows for a venue where court count is available.
BRIMBA5607,Biggs/William Street Reserve,Brimbank City Council,St Albans,3021,"64 Briggs Street, ST ALBANS 3021",-37.7379,144.816122,Basketball,,"Concrete, Half Court",Outdoor,,,,Sport and Recreational Facilities List - Victoria.xlsx,wholeIFMD,Filtered rows where Sports Played is Basketball. Exact duplicate sport rows removed; repeated facility IDs combined into one venue record. court_count sums distinct basketball surface/court rows for a venue where court count is available.
BRIMBA8331,Bon Thomas Reserve,Brimbank City Council,Deer Park,3023,"57A Quinn Street, DEER PARK 3023",-37.774227,144.763948,Basketball,1,"Concrete, Half Court",Outdoor,,,,Sport and Recreational Facilities List - Victoria.xlsx,wholeIFMD,Filtered rows where Sports Played is Basketball. Exact duplicate sport rows removed; repeated facility IDs combined into one venue record. court_count sums distinct basketball surface/court rows for a venue where court count is available.
BRIMBA5608,Bothwell Park,Brimbank City Council,Derrimut,3030,"22A Bothwell Green, DERRIMUT 3030",-37.791901,144.756821,Basketball,1,"Concrete, Half Court",Outdoor,,,,Sport and Recreational Facilities List - Victoria.xlsx,wholeIFMD,Filtered rows where Sports Played is Basketball. Exact duplicate sport rows removed; repeated facility IDs combined into one venue record. court_count sums distinct basketball surface/court rows for a venue where court count is available.
BRIMBA8332,Brimbank College,Brimbank City Council,St Albans,3021,"Jamieson Street, ST ALBANS 3021",-37.740071,144.784559,Basketball,,,Unknown,,,,Sport and Recreational Facilities List - Victoria.xlsx,wholeIFMD,Filtered rows where Sports Played is Basketball. Exact duplicate sport rows removed; repeated facility IDs combined into one venue record. court_count sums distinct basketball surface/court rows for a venue where court count is available.
BRIMBA5609,Buckingham Reserve,Brimbank City Council,Sunshine West,3020,"2A Buckingham Crescent, SUNSHINE WEST 3020",-37.798441,144.829624,Basketball,1,"Concrete, Half Court",Outdoor,,,,Sport and Recreational Facilities List - Victoria.xlsx,wholeIFMD,Filtered rows where Sports Played is Basketball. Exact duplicate sport rows removed; repeated facility IDs combined into one venue record. court_count sums distinct basketball surface/court rows for a venue where court count is available.
BRIMBA5610,Calais/Delbridge Reserve,Brimbank City Council,Sydenham,3037,"87 Delbridge Drive, SYDENHAM 3037",-37.698993,144.760334,Basketball,1,"Concrete, Half Court",Outdoor,,,,Sport and Recreational Facilities List - Victoria.xlsx,wholeIFMD,Filtered rows where Sports Played is Basketball. Exact duplicate sport rows removed; repeated facility IDs combined into one venue record. court_count sums distinct basketball surface/court rows for a venue where court count is available.
BRIMBA5611,Calder Park/Community Hub Reserve,Brimbank City Council,Hillside,3037,"85 Community Hub, HILLSIDE 3037",-37.702516,144.75596,Basketball,,"Concrete, Half Court",Outdoor,,,,Sport and Recreational Facilities List - Victoria.xlsx,wholeIFMD,Filtered rows where Sports Played is Basketball. Exact duplicate sport rows removed; repeated facility IDs combined into one venue record. court_count sums distinct basketball surface/court rows for a venue where court count is available.
BRIMBA5613,Calder Rise Park,Brimbank City Council,Keilor,3036,"19A Barwon Avenue, KEILOR 3036",-37.716634,144.823616,Basketball,,"Concrete, Half Court",Outdoor,,,,Sport and Recreational Facilities List - Victoria.xlsx,wholeIFMD,Filtered rows where Sports Played is Basketball. Exact duplicate sport rows removed; repeated facility IDs combined into one venue record. court_count sums distinct basketball surface/court rows for a venue where court count is available.
BRIMBA5617,Caprice Court Reserve,Brimbank City Council,Keilor Downs,3038,"7 Skipton Close, KEILOR DOWNS 3038",-37.720132,144.792722,Basketball,1,"Concrete, Half Court",Outdoor,,,,Sport and Recreational Facilities List - Victoria.xlsx,wholeIFMD,Filtered rows where Sports Played is Basketball. Exact duplicate sport rows removed; repeated facility IDs combined into one venue record. court_count sums distinct basketball surface/court rows for a venue where court count is available.
BRIMBA5619,Clarke/Station Reserve,Brimbank City Council,St Albans,3021,"50A Clarke Avenue, ST ALBANS 3021",-37.745509,144.819793,Basketball,1,"Concrete, Half Court",Outdoor,,,,Sport and Recreational Facilities List - Victoria.xlsx,wholeIFMD,Filtered rows where Sports Played is Basketball. Exact duplicate sport rows removed; repeated facility IDs combined into one venue record. court_count sums distinct basketball surface/court rows for a venue where court count is available.
BRIMBA5620,Cowley Street,Brimbank City Council,Delahey,3037,"11 Egerton Way, DELAHEY 3037",-37.71463,144.769825,Basketball,1,"Concrete, Half Court",Outdoor,,,,Sport and Recreational Facilities List - Victoria.xlsx,wholeIFMD,Filtered rows where Sports Played is Basketball. Exact duplicate sport rows removed; repeated facility IDs combined into one venue record. court_count sums distinct basketball surface/court rows for a venue where court count is available.
BRIMBA5621,Cowper Avenue Reserve,Brimbank City Council,St Albans,3021,"58 Manfred Avenue, ST ALBANS 3021",-37.74243,144.821689,Basketball,1,"Concrete, Half Court",Outdoor,,,,Sport and Recreational Facilities List - Victoria.xlsx,wholeIFMD,Filtered rows where Sports Played is Basketball. Exact duplicate sport rows removed; repeated facility IDs combined into one venue record. court_count sums distinct basketball surface/court rows for a venue where court count is available.
BRIMBA5622,Cromwell Road Reserve,Brimbank City Council,Kings Park,3021,"35A Cromwell Road, KINGS PARK 3021",-37.737493,144.771001,Basketball,1,"Concrete, Half Court",Outdoor,,,,Sport and Recreational Facilities List - Victoria.xlsx,wholeIFMD,Filtered rows where Sports Played is Basketball. Exact duplicate sport rows removed; repeated facility IDs combined into one venue record. court_count sums distinct basketball surface/court rows for a venue where court count is available.
BRIMBA5623,Davitt Reserve,Brimbank City Council,Deer Park,3023,"30 - 34 Davitt Drive, DEER PARK 3023",-37.7623,144.763844,Basketball,1,"Concrete, Half Court",Outdoor,,,,Sport and Recreational Facilities List - Victoria.xlsx,wholeIFMD,Filtered rows where Sports Played is Basketball. Exact duplicate sport rows removed; repeated facility IDs combined into one venue record. court_count sums distinct basketball surface/court rows for a venue where court count is available.
BRIMBA5624,Delahey Emerald Park,Brimbank City Council,Delahey,3037,"20 Granite Way, DELAHEY 3037",-37.721634,144.765606,Basketball,1,"Concrete, Half Court",Outdoor,,,,Sport and Recreational Facilities List - Victoria.xlsx,wholeIFMD,Filtered rows where Sports Played is Basketball. Exact duplicate sport rows removed; repeated facility IDs combined into one venue record. court_count sums distinct basketball surface/court rows for a venue where court count is available.
BRIMBA8345,Delahey Recreation Reserve,Brimbank City Council,Delahey,3037,"78 Copperfield Drive, DELAHEY 3037",-37.7164,144.7741,Basketball,1,"Concrete, Half Court",Outdoor,,,,Sport and Recreational Facilities List - Victoria.xlsx,wholeIFMD,Filtered rows where Sports Played is Basketball. Exact duplicate sport rows removed; repeated facility IDs combined into one venue record. court_count sums distinct basketball surface/court rows for a venue where court count is available.
BRIMBA8346,Dempster Park,Brimbank City Council,Sunshine North,3020,"72A Phoenix Street, SUNSHINE NORTH 3020",-37.775225,144.837725,Basketball,1,"Concrete, Half Court",Outdoor,,,,Sport and Recreational Facilities List - Victoria.xlsx,wholeIFMD,Filtered rows where Sports Played is Basketball. Exact duplicate sport rows removed; repeated facility IDs combined into one venue record. court_count sums distinct basketball surface/court rows for a venue where court count is available.
BRIMBA5625,Driscolls Road Reserve,Brimbank City Council,Kealba,3021,"92A Driscolls Road, KEALBA 3021",-37.735051,144.826679,Basketball,1,"Concrete, Half Court",Outdoor,,,,Sport and Recreational Facilities List - Victoria.xlsx,wholeIFMD,Filtered rows where Sports Played is Basketball. Exact duplicate sport rows removed; repeated facility IDs combined into one venue record. court_count sums distinct basketball surface/court rows for a venue where court count is available.
BRIMBA5626,Duke Street Reserve,Brimbank City Council,Sunshine North,3020,"226 Duke Street, SUNSHINE NORTH 3020",-37.772136,144.849261,Basketball,,"Concrete, Half Court",Outdoor,,,,Sport and Recreational Facilities List - Victoria.xlsx,wholeIFMD,Filtered rows where Sports Played is Basketball. Exact duplicate sport rows removed; repeated facility IDs combined into one venue record. court_count sums distinct basketball surface/court rows for a venue where court count is available.
BRIMBA5627,Elford Court Green,Brimbank City Council,Cairnlea,3023,"1B Brinkhill Court, CAIRNLEA 3023",-37.764639,144.793054,Basketball,1,"Concrete, Half Court",Outdoor,,,,Sport and Recreational Facilities List - Victoria.xlsx,wholeIFMD,Filtered rows where Sports Played is Basketball. Exact duplicate sport rows removed; repeated facility IDs combined into one venue record. court_count sums distinct basketball surface/court rows for a venue where court count is available.
BRIMBA5628,Evergreen Reserve,Brimbank City Council,Albanvale,3021,"13 Woodland Drive, ALBANVALE 3021",-37.745225,144.764751,Basketball,1,"Concrete, Half Court",Outdoor,,,,Sport and Recreational Facilities List - Victoria.xlsx,wholeIFMD,Filtered rows where Sports Played is Basketball. Exact duplicate sport rows removed; repeated facility IDs combined into one venue record. court_count sums distinct basketball surface/court rows for a venue where court count is available.
BRIMBA5630,Glenmaggie Drive Reserve,Brimbank City Council,St Albans,3021,"27-37 Glenmaggie Drive, ST ALBANS 3021",-37.764372,144.808707,Basketball,1,"Concrete, Half Court",Outdoor,,,,Sport and Recreational Facilities List - Victoria.xlsx,wholeIFMD,Filtered rows where Sports Played is Basketball. Exact duplicate sport rows removed; repeated facility IDs combined into one venue record. court_count sums distinct basketball surface/court rows for a venue where court count is available.
BRIMBA5631,Hammerwood Avenue Reserve,Brimbank City Council,Derrimut,3030,"51a Hammerwood Avenue, DERRIMUT 3030",-37.786098,144.770116,Basketball,1,"Half Court, Synthetic",Outdoor,,,,Sport and Recreational Facilities List - Victoria.xlsx,wholeIFMD,Filtered rows where Sports Played is Basketball. Exact duplicate sport rows removed; repeated facility IDs combined into one venue record. court_count sums distinct basketball surface/court rows for a venue where court count is available.
BRIMBA5632,Harefield Crescent Reserve,Brimbank City Council,Kealba,3021,"18 Harefield Crescent, KEALBA 3021",-37.737726,144.823812,Basketball,1,"Concrete, Half Court",Outdoor,,,,Sport and Recreational Facilities List - Victoria.xlsx,wholeIFMD,Filtered rows where Sports Played is Basketball. Exact duplicate sport rows removed; repeated facility IDs combined into one venue record. court_count sums distinct basketball surface/court rows for a venue where court count is available.
BRIMBA5634,International Gardens Reserve,Brimbank City Council,St Albans,3021,"24A Camdale Parade, ST ALBANS 3021",-37.731675,144.785939,Basketball,1,"Concrete, Half Court",Outdoor,,,,Sport and Recreational Facilities List - Victoria.xlsx,wholeIFMD,Filtered rows where Sports Played is Basketball. Exact duplicate sport rows removed; repeated facility IDs combined into one venue record. court_count sums distinct basketball surface/court rows for a venue where court count is available.
BRIMBA8364,Keilor Basketball Stadium,Brimbank City Council,Keilor Park,3042,"Stadium Drive, KEILOR PARK 3042",-37.713334,144.848237,Basketball,3,,Unknown,,,,Sport and Recreational Facilities List - Victoria.xlsx,wholeIFMD,Filtered rows where Sports Played is Basketball. Exact duplicate sport rows removed; repeated facility IDs combined into one venue record. court_count sums distinct basketball surface/court rows for a venue where court count is available.
BRIMBA5636,Keilor Downs Recreation Reserve,Brimbank City Council,Keilor Downs,3038,"28 Belmont Avenue, KEILOR DOWNS 3038",-37.723767,144.797065,Basketball,,"Concrete, Half Court",Outdoor,,,,Sport and Recreational Facilities List - Victoria.xlsx,wholeIFMD,Filtered rows where Sports Played is Basketball. Exact duplicate sport rows removed; repeated facility IDs combined into one venue record. court_count sums distinct basketball surface/court rows for a venue where court count is available.
BRIMBA8368,Keilor Lodge Reserve,Brimbank City Council,Sydenham,3037,"Robertsons Road, SYDENHAM 3037",-37.688274,144.777599,Basketball,,"Concrete, Half Court",Outdoor,,,,Sport and Recreational Facilities List - Victoria.xlsx,wholeIFMD,Filtered rows where Sports Played is Basketball. Exact duplicate sport rows removed; repeated facility IDs combined into one venue record. court_count sums distinct basketball surface/court rows for a venue where court count is available.
BRIMBA5637,Keilor Park Recreation Reserve,Brimbank City Council,Keilor Park,3042,"Keilor Park Drive, KEILOR PARK 3042",-37.715205,144.848751,Basketball,1,"Concrete, Half Court",Outdoor,,,,Sport and Recreational Facilities List - Victoria.xlsx,wholeIFMD,Filtered rows where Sports Played is Basketball. Exact duplicate sport rows removed; repeated facility IDs combined into one venue record. court_count sums distinct basketball surface/court rows for a venue where court count is available.
BRIMBA8402,Sydenham Primary School,Brimbank City Council,Sydenham,3037,"Community Hub, SYDENHAM 3037",-37.702404,144.760113,Basketball,,,Unknown,,,,Sport and Recreational Facilities List - Victoria.xlsx,wholeIFMD,Filtered rows where Sports Played is Basketball. Exact duplicate sport rows removed; repeated facility IDs combined into one venue record. court_count sums distinct basketball surface/court rows for a venue where court count is available.
BRIMBA8407,West Sunshine Community Centre,Brimbank City Council,Sunshine,3020,"25 Kermeen Street, SUNSHINE 3020",-37.798696,144.812193,Basketball,,,Unknown,,,,Sport and Recreational Facilities List - Victoria.xlsx,wholeIFMD,Filtered rows where Sports Played is Basketball. Exact duplicate sport rows removed; repeated facility IDs combined into one venue record. court_count sums distinct basketball surface/court rows for a venue where court count is available.
BULOKEBULOKE11000,Birchip Indoor Sports Stadium,Buloke Shire Council,Birchip,3483,"Campbell Street, BIRCHIP 3483",-35.984186,142.909021,Basketball,,,Unknown,,3. Average,3.0,Sport and Recreational Facilities List - Victoria.xlsx,wholeIFMD,Filtered rows where Sports Played is Basketball. Exact duplicate sport rows removed; repeated facility IDs combined into one venue record. court_count sums distinct basketball surface/court rows for a venue where court count is available.
BULOKEBULOKE8742,Charlton Indoor Sports Stadium,Buloke Shire Council,Charlton,3525,"Davies Street, CHARLTON 3525",-36.270101,143.359068,Basketball,1,Wooden Gymnasium,Indoor,11 - 25 Years,4. Good,4.0,Sport and Recreational Facilities List - Victoria.xlsx,wholeIFMD,Filtered rows where Sports Played is Basketball. Exact duplicate sport rows removed; repeated facility IDs combined into one venue record. court_count sums distinct basketball surface/court rows for a venue where court count is available.
BULOKEBULOKE8754,Donald Recreation Reserve,Buloke Shire Council,Donald,3480,"Borung Highway, DONALD 3480",-36.363956,142.987001,Basketball,1,Wooden Gymnasium,Indoor,26 - 50 Years,2. Poor,2.0,Sport and Recreational Facilities List - Victoria.xlsx,wholeIFMD,Filtered rows where Sports Played is Basketball. Exact duplicate sport rows removed; repeated facility IDs combined into one venue record. court_count sums distinct basketball surface/court rows for a venue where court count is available.
BULOKEBULOKE8755,Donald Sports Stadium,Buloke Shire Council,Donald,3480,"Borung Highway, DONALD 3480",-36.364849,142.985663,Basketball,1,Wooden Gymnasium,Indoor,,2. Poor,2.0,Sport and Recreational Facilities List - Victoria.xlsx,wholeIFMD,Filtered rows where Sports Played is Basketball. Exact duplicate sport rows removed; repeated facility IDs combined into one venue record. court_count sums distinct basketball surface/court rows for a venue where court count is available.
CAMPAS8776,Bamawm Indoor Sports Complex,Campaspe Shire Council,Bamawm,3561,"Bamawm Hall Road, BAMAWM 3561",-36.26296,144.588841,Basketball,1,,Unknown,,,,Sport and Recreational Facilities List - Victoria.xlsx,wholeIFMD,Filtered rows where Sports Played is Basketball. Exact duplicate sport rows removed; repeated facility IDs combined into one venue record. court_count sums distinct basketball surface/court rows for a venue where court count is available.
CAMPAS8779,Campaspe Valley Community Centre,Campaspe Shire Council,Rochester,3561,"Edwards Street, ROCHESTER 3561",-36.352651,144.699532,Basketball,,,Unknown,,,,Sport and Recreational Facilities List - Victoria.xlsx,wholeIFMD,Filtered rows where Sports Played is Basketball. Exact duplicate sport rows removed; repeated facility IDs combined into one venue record. court_count sums distinct basketball surface/court rows for a venue where court count is available.
CAMPAS8832,Echuca Sporting Complex,Campaspe Shire Council,Echuca,3564,"College Drive, ECHUCA 3564",-36.130663,144.733057,Basketball,1,,Unknown,,,,Sport and Recreational Facilities List - Victoria.xlsx,wholeIFMD,Filtered rows where Sports Played is Basketball. Exact duplicate sport rows removed; repeated facility IDs combined into one venue record. court_count sums distinct basketball surface/court rows for a venue where court count is available.
CAMPAS8787,Fonterra Sports & Entertainment Centre,Campaspe Shire Council,Echuca,3564,"High Street South, ECHUCA 3564",-36.143764,144.753281,Basketball,3,Wooden Gymnasium,Indoor,,,,Sport and Recreational Facilities List - Victoria.xlsx,wholeIFMD,Filtered rows where Sports Played is Basketball. Exact duplicate sport rows removed; repeated facility IDs combined into one venue record. court_count sums distinct basketball surface/court rows for a venue where court count is available.
CAMPAS8798,Kyabram Sports & Entertainment Centre,Campaspe Shire Council,Kyabram,3620,"408 Allan Street, KYABRAM 3620",-36.313875,145.06022,Basketball,2,Wooden Gymnasium,Indoor,,,,Sport and Recreational Facilities List - Victoria.xlsx,wholeIFMD,Filtered rows where Sports Played is Basketball. Exact duplicate sport rows removed; repeated facility IDs combined into one venue record. court_count sums distinct basketball surface/court rows for a venue where court count is available.
CAMPAS8805,Lockington Recreation Reserve,Campaspe Shire Council,Lockington,3563,"Burns Street, LOCKINGTON 3563",-36.265744,144.541312,Basketball,2,Synthetic,Outdoor,,,,Sport and Recreational Facilities List - Victoria.xlsx,wholeIFMD,Filtered rows where Sports Played is Basketball. Exact duplicate sport rows removed; repeated facility IDs combined into one venue record. court_count sums distinct basketball surface/court rows for a venue where court count is available.
CAMPAS8823,Tongala Leisure Centre,Campaspe Shire Council,Tongala,3621,"Henderson Road, TONGALA 3621",-36.24631,144.946221,Basketball,1,,Unknown,,,,Sport and Recreational Facilities List - Victoria.xlsx,wholeIFMD,Filtered rows where Sports Played is Basketball. Exact duplicate sport rows removed; repeated facility IDs combined into one venue record. court_count sums distinct basketball surface/court rows for a venue where court count is available.
CARDIN10990,Bunyip Basketball Stadium,Cardinia Shire Council,Bunyip,3815,"Nar Nar Goon-Longwarry Road, BUNYIP 3815",-38.100945,145.718807,Basketball,1,Wooden Gymnasium,Indoor,0 - 5 Years,5. Very Good,5.0,Sport and Recreational Facilities List - Victoria.xlsx,wholeIFMD,Filtered rows where Sports Played is Basketball. Exact duplicate sport rows removed; repeated facility IDs combined into one venue record. court_count sums distinct basketball surface/court rows for a venue where court count is available.
CARDIN10994,Cardinia Life,Cardinia Shire Council,Pakenham,3810,"4 Olympic Way, PAKENHAM 3810",-38.065909,145.459523,Basketball,8,Wooden Gymnasium,Indoor,6 - 10 Years,5. Very Good,5.0,Sport and Recreational Facilities List - Victoria.xlsx,wholeIFMD,Filtered rows where Sports Played is Basketball. Exact duplicate sport rows removed; repeated facility IDs combined into one venue record. court_count sums distinct basketball surface/court rows for a venue where court count is available.
CARDIN10999,Cockatoo Indoor Sports Complex,Cardinia Shire Council,Cockatoo,3781,"Mountain Road, COCKATOO 3781",-37.926679,145.50362,Basketball,1,Wooden Gymnasium,Indoor,11 - 25 Years,4. Good,4.0,Sport and Recreational Facilities List - Victoria.xlsx,wholeIFMD,Filtered rows where Sports Played is Basketball. Exact duplicate sport rows removed; repeated facility IDs combined into one venue record. court_count sums distinct basketball surface/court rows for a venue where court count is available.
CASEYC12299,Banjo Patterson Park,Casey City Council,Lynbrook,3975,"Patterson Drive, LYNBROOK 3975",-38.056559,145.24987,Basketball,1,Asphalt,Outdoor,,,,Sport and Recreational Facilities List - Victoria.xlsx,wholeIFMD,Filtered rows where Sports Played is Basketball. Exact duplicate sport rows removed; repeated facility IDs combined into one venue record. court_count sums distinct basketball surface/court rows for a venue where court count is available.
CASEYC5644,Casey Indoor Leisure Centre,Casey City Council,,,",",-38.113,145.296,Basketball,,,Unknown,,,,Sport and Recreational Facilities List - Victoria.xlsx,wholeIFMD,Filtered rows where Sports Played is Basketball. Exact duplicate sport rows removed; repeated facility IDs combined into one venue record. court_count sums distinct basketball surface/court rows for a venue where court count is available.
CASEYC12249,Casey Indoor Leisure Centre,Casey City Council,Cranbourne,3977,"New Holland Drive, CRANBOURNE 3977",-38.112772,145.294045,Basketball,,Wooden Gymnasium,Indoor,,,,Sport and Recreational Facilities List - Victoria.xlsx,wholeIFMD,Filtered rows where Sports Played is Basketball. Exact duplicate sport rows removed; repeated facility IDs combined into one venue record. court_count sums distinct basketball surface/court rows for a venue where court count is available.
CASEYC12277,Endeavour Hills Leisure Centre,Casey City Council,Endeavour Hills,3802,"10 Raymond MCMahon Boulevard, ENDEAVOUR HILLS 3802",-37.978588,145.259785,Basketball,2,Wooden Gymnasium,Indoor,Same as above,4. Good,4.0,Sport and Recreational Facilities List - Victoria.xlsx,wholeIFMD,Filtered rows where Sports Played is Basketball. Exact duplicate sport rows removed; repeated facility IDs combined into one venue record. court_count sums distinct basketball surface/court rows for a venue where court count is available.
CASEYC12264,"Glover Recreation Reserve,",Casey City Council,Deavon Meadows,,"Browns Road, DEAVON MEADOWS",-38.15697,145.302327,Basketball,1,Asphalt,Outdoor,,,,Sport and Recreational Facilities List - Victoria.xlsx,wholeIFMD,Filtered rows where Sports Played is Basketball. Exact duplicate sport rows removed; repeated facility IDs combined into one venue record. court_count sums distinct basketball surface/court rows for a venue where court count is available.
CASEYC5587,Jackson Reserve Playground,Casey City Council,Narre Warren,3805,"52 Jacksons Road, NARRE WARREN 3805",-37.99847,145.307859,Basketball,1,Asphalt,Outdoor,,,,Sport and Recreational Facilities List - Victoria.xlsx,wholeIFMD,Filtered rows where Sports Played is Basketball. Exact duplicate sport rows removed; repeated facility IDs combined into one venue record. court_count sums distinct basketball surface/court rows for a venue where court count is available.
CASEYC12259,"Lawson Poole Recreation Reserve,",Casey City Council,Cranbourne,3977,"Lesdon Avenue, CRANBOURNE 3977",-38.083526,145.274553,Basketball,1,Asphalt,Outdoor,,,,Sport and Recreational Facilities List - Victoria.xlsx,wholeIFMD,Filtered rows where Sports Played is Basketball. Exact duplicate sport rows removed; repeated facility IDs combined into one venue record. court_count sums distinct basketball surface/court rows for a venue where court count is available.
CASEYC12306,Max Pawsey Recreation Reserve,Casey City Council,Narre Warren,3805,"Magid Drive, NARRE WARREN 3805",-38.017492,145.298057,Basketball,1,Asphalt,Outdoor,,,,Sport and Recreational Facilities List - Victoria.xlsx,wholeIFMD,Filtered rows where Sports Played is Basketball. Exact duplicate sport rows removed; repeated facility IDs combined into one venue record. court_count sums distinct basketball surface/court rows for a venue where court count is available.
CASEYC12262,"Morning Mist Recreation Reserve,",Casey City Council,Cranbourne South,3977,"Browns Road, CRANBOURNE SOUTH 3977",-38.146868,145.232147,Basketball,1,Asphalt,Outdoor,,,,Sport and Recreational Facilities List - Victoria.xlsx,wholeIFMD,Filtered rows where Sports Played is Basketball. Exact duplicate sport rows removed; repeated facility IDs combined into one venue record. court_count sums distinct basketball surface/court rows for a venue where court count is available.
CASEYC12266,Power Reserve,Casey City Council,Doveton,3177,"Power Road, DOVETON 3177",-37.980461,145.241124,Basketball,1,Asphalt,Outdoor,,,,Sport and Recreational Facilities List - Victoria.xlsx,wholeIFMD,Filtered rows where Sports Played is Basketball. Exact duplicate sport rows removed; repeated facility IDs combined into one venue record. court_count sums distinct basketball surface/court rows for a venue where court count is available.
CASEYC12324,Warneet Recreation Reserve,Casey City Council,Warneet,3980,"Warneet Road, WARNEET 3980",-38.219145,145.313461,Basketball,1,Asphalt,Outdoor,11 - 25 Years,3. Average,3.0,Sport and Recreational Facilities List - Victoria.xlsx,wholeIFMD,Filtered rows where Sports Played is Basketball. Exact duplicate sport rows removed; repeated facility IDs combined into one venue record. court_count sums distinct basketball surface/court rows for a venue where court count is available.
CENTRA12561,Maryborough Sports and Leisure Centre,Central Goldfields Shire Council,Maryborough,3465,"40 Gillies Street, MARYBOROUGH 3465",-37.05575,143.743896,Basketball,2,Wooden Gymnasium,Indoor,26 - 50 Years,4. Good,4.0,Sport and Recreational Facilities List - Victoria.xlsx,wholeIFMD,Filtered rows where Sports Played is Basketball. Exact duplicate sport rows removed; repeated facility IDs combined into one venue record. court_count sums distinct basketball surface/court rows for a venue where court count is available.
CENTRA12571,Talbot Indoor Recreation Centre,Central Goldfields Shire Council,Talbot,3371,"Avoca Road, TALBOT 3371",-37.169509,143.695397,Basketball,1,Wooden Gymnasium,Indoor,11 - 25 Years,3. Average,3.0,Sport and Recreational Facilities List - Victoria.xlsx,wholeIFMD,Filtered rows where Sports Played is Basketball. Exact duplicate sport rows removed; repeated facility IDs combined into one venue record. court_count sums distinct basketball surface/court rows for a venue where court count is available.
COLACO11279,Blue Water Fitness Centre,Colac Otway Shire Council,Colac,3250,"118 Hearn Street , COLAC 3250",-38.35032,143.588796,Basketball,2,Wooden Gymnasium,Indoor,11 - 25 Years,3. Average,3.0,Sport and Recreational Facilities List - Victoria.xlsx,wholeIFMD,Filtered rows where Sports Played is Basketball. Exact duplicate sport rows removed; repeated facility IDs combined into one venue record. court_count sums distinct basketball surface/court rows for a venue where court count is available.
COLACO11300,Kennett River Tennis Court,Colac Otway Shire Council,Kennett River,3234,"6 Hawdon Avenue, KENNETT RIVER 3234",-38.667834,143.860289,Basketball,1,Synthetic,Outdoor,51 Years +,3. Average,3.0,Sport and Recreational Facilities List - Victoria.xlsx,wholeIFMD,Filtered rows where Sports Played is Basketball. Exact duplicate sport rows removed; repeated facility IDs combined into one venue record. court_count sums distinct basketball surface/court rows for a venue where court count is available.
CORANG12753,Camperdown Community Centre,Corangamite Shire Council,Camperdown,3260,"1 Fuller Street , CAMPERDOWN 3260",-38.23208,143.144455,Basketball,2,Wooden Gymnasium,Indoor,0 - 5 Years,5. Very Good,5.0,Sport and Recreational Facilities List - Victoria.xlsx,wholeIFMD,Filtered rows where Sports Played is Basketball. Exact duplicate sport rows removed; repeated facility IDs combined into one venue record. court_count sums distinct basketball surface/court rows for a venue where court count is available.
CORANG12762,Cobden Indoor Sports Centre,Corangamite Shire Council,Cobden,3266,"McKenzie Street , COBDEN 3266",-38.324525,143.067906,Basketball,1,Wooden Gymnasium,Indoor,,4. Good,4.0,Sport and Recreational Facilities List - Victoria.xlsx,wholeIFMD,Filtered rows where Sports Played is Basketball. Exact duplicate sport rows removed; repeated facility IDs combined into one venue record. court_count sums distinct basketball surface/court rows for a venue where court count is available.
CORANG12782,Terang and District Sport and Recreation Centre,Corangamite Shire Council,Terang,3264,"Strong Street , TERANG 3264",-38.242976,142.921208,Basketball,1,Wooden Gymnasium,Indoor,11 - 25 Years,3. Average,3.0,Sport and Recreational Facilities List - Victoria.xlsx,wholeIFMD,Filtered rows where Sports Played is Basketball. Exact duplicate sport rows removed; repeated facility IDs combined into one venue record. court_count sums distinct basketball surface/court rows for a venue where court count is available.
CORANG12788,Timboon Indoor Sports Centre,Corangamite Shire Council,Timboon,3268,"Hamilton Street , TIMBOON 3268",-38.483908,142.972299,Basketball,1,Wooden Gymnasium,Indoor,,3. Average,3.0,Sport and Recreational Facilities List - Victoria.xlsx,wholeIFMD,Filtered rows where Sports Played is Basketball. Exact duplicate sport rows removed; repeated facility IDs combined into one venue record. court_count sums distinct basketball surface/court rows for a venue where court count is available.
GREATE11624,Dandenong Indoor Sports Stadium,Dandenong City Council,Dandenong North,3175,"270 Stud Road, DANDENONG NORTH 3175",-37.964204,145.226509,Basketball,15,Wooden Gymnasium,Indoor,,5. Very Good,5.0,Sport and Recreational Facilities List - Victoria.xlsx,wholeIFMD,Filtered rows where Sports Played is Basketball. Exact duplicate sport rows removed; repeated facility IDs combined into one venue record. court_count sums distinct basketball surface/court rows for a venue where court count is available.
GREATE11649,Noble Park Community Centre,Dandenong City Council,Noble Park,3174,"Memorial Drive, NOBLE PARK 3174",-37.961328,145.171495,Basketball,1,Wooden Gymnasium,Indoor,,4. Good,4.0,Sport and Recreational Facilities List - Victoria.xlsx,wholeIFMD,Filtered rows where Sports Played is Basketball. Exact duplicate sport rows removed; repeated facility IDs combined into one venue record. court_count sums distinct basketball surface/court rows for a venue where court count is available.
GREATE11663,Springers Leisure Centre,Dandenong City Council,Keysborough,3173,"400 Cheltnam Road, KEYSBOROUGH 3173",-37.995822,145.153915,Basketball,3,Wooden Gymnasium,Indoor,11 - 25 Years,5. Very Good,5.0,Sport and Recreational Facilities List - Victoria.xlsx,wholeIFMD,Filtered rows where Sports Played is Basketball. Exact duplicate sport rows removed; repeated facility IDs combined into one venue record. court_count sums distinct basketball surface/court rows for a venue where court count is available.
DAREBI11808,Darebin Community Sports Stadium,Darebin City Council,Reservoir,3073,"857 Plenty Road, RESERVOIR 3073",-37.721381,145.030317,Basketball,4,,Unknown,6 - 10 Years,5. Very Good,5.0,Sport and Recreational Facilities List - Victoria.xlsx,wholeIFMD,Filtered rows where Sports Played is Basketball. Exact duplicate sport rows removed; repeated facility IDs combined into one venue record. court_count sums distinct basketball surface/court rows for a venue where court count is available.
DAREBI11826,Judith Scott Memorial Reserve,Darebin City Council,Kingsbury,3083,"Browning Street, KINGSBURY 3083",-37.718987,145.034413,Basketball,1,,Unknown,26 - 50 Years,4. Good,4.0,Sport and Recreational Facilities List - Victoria.xlsx,wholeIFMD,Filtered rows where Sports Played is Basketball. Exact duplicate sport rows removed; repeated facility IDs combined into one venue record. court_count sums distinct basketball surface/court rows for a venue where court count is available.
DAREBI11827,Keon Park Youth Club & Community Hall,Darebin City Council,Keon Park,3073,"Dole Avenue, KEON PARK 3073",-37.701083,145.020205,Basketball,,,Unknown,26 - 50 Years,4. Good,4.0,Sport and Recreational Facilities List - Victoria.xlsx,wholeIFMD,Filtered rows where Sports Played is Basketball. Exact duplicate sport rows removed; repeated facility IDs combined into one venue record. court_count sums distinct basketball surface/court rows for a venue where court count is available.
EASTGI10986,Bairnsdale Aquatic & Recreation Centre,East Gippsland Shire Council,Bairnsdale,3875,"80 McKean Street, BAIRNSDALE 3875",-37.826549,147.604779,Basketball,,Wooden Gymnasium,Indoor,,5. Very Good,5.0,Sport and Recreational Facilities List - Victoria.xlsx,wholeIFMD,Filtered rows where Sports Played is Basketball. Exact duplicate sport rows removed; repeated facility IDs combined into one venue record. court_count sums distinct basketball surface/court rows for a venue where court count is available.
EASTGI11024,Mallacoota Halls & Recreation Reserve,East Gippsland Shire Council,Mallacoota,3892,"102 Betka Road, MALLACOOTA 3892",-37.559152,149.757183,Basketball,1,Wooden Gymnasium,Indoor,,,,Sport and Recreational Facilities List - Victoria.xlsx,wholeIFMD,Filtered rows where Sports Played is Basketball. Exact duplicate sport rows removed; repeated facility IDs combined into one venue record. court_count sums distinct basketball surface/court rows for a venue where court count is available.
FRANKS11055,Frankston Basketball Stadium,Frankston City Council,Seaford,3198,"Bardia Avenue, SEAFORD 3198",-38.120135,145.133833,Basketball,6,Wooden Gymnasium,Indoor,26 - 50 Years,3. Average,3.0,Sport and Recreational Facilities List - Victoria.xlsx,wholeIFMD,Filtered rows where Sports Played is Basketball. Exact duplicate sport rows removed; repeated facility IDs combined into one venue record. court_count sums distinct basketball surface/court rows for a venue where court count is available.
FRANKS11042,Langwarren Basketball Stadium (Elizabeth Murdoch college),Frankston City Council,Langwarrin,3910,"80 Warrandyte Road, LANGWARRIN 3910",-38.158699,145.190719,Basketball,1,Wooden Gymnasium,Indoor,,,,Sport and Recreational Facilities List - Victoria.xlsx,wholeIFMD,Filtered rows where Sports Played is Basketball. Exact duplicate sport rows removed; repeated facility IDs combined into one venue record. court_count sums distinct basketball surface/court rows for a venue where court count is available.
GANNAW8838,Cohuna Education Community Activity Centre,Gannawarra Shire Council,Cohuna,3568,"King George Street, COHUNA 3568",-35.811551,144.22459,Basketball,2,Wooden Flooring,Indoor,,,,Sport and Recreational Facilities List - Victoria.xlsx,wholeIFMD,Filtered rows where Sports Played is Basketball. Exact duplicate sport rows removed; repeated facility IDs combined into one venue record. court_count sums distinct basketball surface/court rows for a venue where court count is available.
GANNAW8864,Kerang Basketball Centre,Gannawarra Shire Council,Kerang,3579,"Maxwell Street, KERANG 3579",-35.851678,143.52531,Basketball,,,Unknown,,,,Sport and Recreational Facilities List - Victoria.xlsx,wholeIFMD,Filtered rows where Sports Played is Basketball. Exact duplicate sport rows removed; repeated facility IDs combined into one venue record. court_count sums distinct basketball surface/court rows for a venue where court count is available.
GREATE11028,Deakin YMCA Geelong,Geelong City Council,Waurn Ponds,3216,"75 Pigdons Road, WAURN PONDS 3216",-38.195209,144.30429,Basketball,,Wooden Gymnasium,Indoor,,,,Sport and Recreational Facilities List - Victoria.xlsx,wholeIFMD,Filtered rows where Sports Played is Basketball. Exact duplicate sport rows removed; repeated facility IDs combined into one venue record. court_count sums distinct basketball surface/court rows for a venue where court count is available.
GREATE11056,Geelong Arena,Geelong City Council,North Geelong,3215,"110 Victoria Street, NORTH GEELONG 3215",-38.123306,144.351142,Basketball,4,Wooden Gymnasium,Indoor,26 - 50 Years,3. Average,3.0,Sport and Recreational Facilities List - Victoria.xlsx,wholeIFMD,Filtered rows where Sports Played is Basketball. Exact duplicate sport rows removed; repeated facility IDs combined into one venue record. court_count sums distinct basketball surface/court rows for a venue where court count is available.
GREATE11105,Newtown Stadium,Geelong City Council,Newtown,3220,"25 Riversdale Road, NEWTOWN 3220",-38.16202,144.338759,Basketball,2,Wooden Gymnasium,Indoor,,,,Sport and Recreational Facilities List - Victoria.xlsx,wholeIFMD,Filtered rows where Sports Played is Basketball. Exact duplicate sport rows removed; repeated facility IDs combined into one venue record. court_count sums distinct basketball surface/court rows for a venue where court count is available.
GLENEI11218,Glen Eira Sports and Aquatic Centre,Glen Eira City Council,Bentleigh East,3165,"186 East Boundary Road, BENTLEIGH EAST 3165",-37.916884,145.061671,Basketball,,Wooden Gymnasium,Indoor,,,,Sport and Recreational Facilities List - Victoria.xlsx,wholeIFMD,Filtered rows where Sports Played is Basketball. Exact duplicate sport rows removed; repeated facility IDs combined into one venue record. court_count sums distinct basketball surface/court rows for a venue where court count is available.
GLENEL11609,Casterton Family & Leisure Centre,Glenelg Shire Council,Casterton,3311,"white Street, CASTERTON 3311",-37.589607,141.388212,Basketball,1,Wooden Gymnasium,Indoor,26 - 50 Years,3. Average,3.0,Sport and Recreational Facilities List - Victoria.xlsx,wholeIFMD,Filtered rows where Sports Played is Basketball. Exact duplicate sport rows removed; repeated facility IDs combined into one venue record. court_count sums distinct basketball surface/court rows for a venue where court count is available.
GLENEL11587,Fitzgerald Street Stadium,Glenelg Shire Council,Portland,3305,"Fitzgerald Street, PORTLAND 3305",-38.339978,141.589555,Basketball,2,Wooden Gymnasium,Indoor,26 - 50 Years,3. Average,3.0,Sport and Recreational Facilities List - Victoria.xlsx,wholeIFMD,Filtered rows where Sports Played is Basketball. Exact duplicate sport rows removed; repeated facility IDs combined into one venue record. court_count sums distinct basketball surface/court rows for a venue where court count is available.
GLENEL11572,Heywood Community Complex,Glenelg Shire Council,Heywood,3304,"20 Gorrie Street, HEYWOOD 3304",-38.138391,141.62712,Basketball,1,Wooden Gymnasium,Indoor,26 - 50 Years,3. Average,3.0,Sport and Recreational Facilities List - Victoria.xlsx,wholeIFMD,Filtered rows where Sports Played is Basketball. Exact duplicate sport rows removed; repeated facility IDs combined into one venue record. court_count sums distinct basketball surface/court rows for a venue where court count is available.
GOLDEN8281,Bannockburn Community Sports Stadium,Golden Plains Shire Council,Bannockburn,3331,"32 High Street, BANNOCKBURN 3331",-38.047517,144.169761,Basketball,1,Wooden Gymnasium,Indoor,11 - 25 Years,3. Average,3.0,Sport and Recreational Facilities List - Victoria.xlsx,wholeIFMD,Filtered rows where Sports Played is Basketball. Exact duplicate sport rows removed; repeated facility IDs combined into one venue record. court_count sums distinct basketball surface/court rows for a venue where court count is available.
GOLDEN8283,Bannockburn Recreation Centre,Golden Plains Shire Council,Bannockburn,3331,"132 Milton Street, BANNOCKBURN 3331",-38.040528,144.162849,Basketball,2,Wooden Gymnasium,Indoor,0 - 5 Years,5. Very Good,5.0,Sport and Recreational Facilities List - Victoria.xlsx,wholeIFMD,Filtered rows where Sports Played is Basketball. Exact duplicate sport rows removed; repeated facility IDs combined into one venue record. court_count sums distinct basketball surface/court rows for a venue where court count is available.
GOLDEN8295,Haddon Recreation Centre,Golden Plains Shire Council,Haddon,3351,"396 Sago Hill Road, HADDON 3351",-37.588001,143.722593,Basketball,1,Wooden Gymnasium,Indoor,11 - 25 Years,3. Average,3.0,Sport and Recreational Facilities List - Victoria.xlsx,wholeIFMD,Filtered rows where Sports Played is Basketball. Exact duplicate sport rows removed; repeated facility IDs combined into one venue record. court_count sums distinct basketball surface/court rows for a venue where court count is available.
GOLDEN8305,Linton Recreation Reserve Stadium,Golden Plains Shire Council,Linton,3360,"9 Brooke Street, LINTON 3360",-37.682917,143.567159,Basketball,1,Wooden Gymnasium,Indoor,11 - 25 Years,3. Average,3.0,Sport and Recreational Facilities List - Victoria.xlsx,wholeIFMD,Filtered rows where Sports Played is Basketball. Exact duplicate sport rows removed; repeated facility IDs combined into one venue record. court_count sums distinct basketball surface/court rows for a venue where court count is available.
GOLDEN8317,Smythesdale (Woady Yaloak) Recreation Reserve,Golden Plains Shire Council,Smythesdale,3351,"55 Heales Street, SMYTHESDALE 3351",-37.64325,143.68236,Basketball,1,Wooden Gymnasium,Indoor,11 - 25 Years,1. Very Poor,1.0,Sport and Recreational Facilities List - Victoria.xlsx,wholeIFMD,Filtered rows where Sports Played is Basketball. Exact duplicate sport rows removed; repeated facility IDs combined into one venue record. court_count sums distinct basketball surface/court rows for a venue where court count is available.
HEPBUR9221,Clunes Sporting Complex,Hepburn Shire Council,Clunes,3370,"Cameron Street, CLUNES 3370",,,Basketball,1,Wooden Gymnasium,Indoor,26 - 50 Years,4. Good,4.0,Sport and Recreational Facilities List - Victoria.xlsx,wholeIFMD,Filtered rows where Sports Played is Basketball. Exact duplicate sport rows removed; repeated facility IDs combined into one venue record. court_count sums distinct basketball surface/court rows for a venue where court count is available.
HEPBUR9227,Daylesford ARC Recreation Centre,Hepburn Shire Council,Daylesford,3460,"39 Smith Street, DAYLESFORD 3460",-37.3355,144.1515,Basketball,2,Wooden Gymnasium,Indoor,0 - 5 Years,5. Very Good,5.0,Sport and Recreational Facilities List - Victoria.xlsx,wholeIFMD,Filtered rows where Sports Played is Basketball. Exact duplicate sport rows removed; repeated facility IDs combined into one venue record. court_count sums distinct basketball surface/court rows for a venue where court count is available.
HINDMA9251,Dimboola Sports Stadium,Hindmarsh Shire Council,Dimboola,3414,"Lloyd Street, DIMBOOLA 3414",-36.460127,142.025603,Basketball,1,Wooden Flooring,Indoor,26 - 50 Years,3. Average,3.0,Sport and Recreational Facilities List - Victoria.xlsx,wholeIFMD,Filtered rows where Sports Played is Basketball. Exact duplicate sport rows removed; repeated facility IDs combined into one venue record. court_count sums distinct basketball surface/court rows for a venue where court count is available.
HINDMA9260,Lowan Sports Centre,Hindmarsh Shire Council,Nhill,3418,"Whitehead Avenue, NHILL 3418",-36.332494,141.658779,Basketball,1,"Cement (Hard Court), Synthetic",Outdoor,11 - 25 Years,3. Average,3.0,Sport and Recreational Facilities List - Victoria.xlsx,wholeIFMD,Filtered rows where Sports Played is Basketball. Exact duplicate sport rows removed; repeated facility IDs combined into one venue record. court_count sums distinct basketball surface/court rows for a venue where court count is available.
HOBSON12930,Altona Green Park,Hobsons Bay City Council,Altona Meadows,3028,"252 Victoria Street, ALTONA MEADOWS 3028",-37.887654,144.782078,Basketball,2,Asphalt,Outdoor,,,,Sport and Recreational Facilities List - Victoria.xlsx,wholeIFMD,Filtered rows where Sports Played is Basketball. Exact duplicate sport rows removed; repeated facility IDs combined into one venue record. court_count sums distinct basketball surface/court rows for a venue where court count is available.
HOBSON12935,Altona Sports Centre,Hobsons Bay City Council,Altona Meadows,3028,"Queens Street, ALTONA MEADOWS 3028",-37.876617,144.797079,Basketball,6,Wooden Gymnasium,Indoor,26 - 50 Years,5. Very Good,5.0,Sport and Recreational Facilities List - Victoria.xlsx,wholeIFMD,Filtered rows where Sports Played is Basketball. Exact duplicate sport rows removed; repeated facility IDs combined into one venue record. court_count sums distinct basketball surface/court rows for a venue where court count is available.
HOBSON12938,Armstrong Reserve,Hobsons Bay City Council,Newport,3015,"79 Wilkins Street, NEWPORT 3015",-37.846977,144.888263,Basketball,1,Asphalt,Outdoor,,,,Sport and Recreational Facilities List - Victoria.xlsx,wholeIFMD,Filtered rows where Sports Played is Basketball. Exact duplicate sport rows removed; repeated facility IDs combined into one venue record. court_count sums distinct basketball surface/court rows for a venue where court count is available.
HOBSON12970,Lifestyle Williamstown (Newport Park Leisure Centre),Hobsons Bay City Council,Newport,3015,"North Road, NEWPORT 3015",-37.844784,144.895244,Basketball,1,Wooden Gymnasium,Indoor,26 - 50 Years,3. Average,3.0,Sport and Recreational Facilities List - Victoria.xlsx,wholeIFMD,Filtered rows where Sports Played is Basketball. Exact duplicate sport rows removed; repeated facility IDs combined into one venue record. court_count sums distinct basketball surface/court rows for a venue where court count is available.
HORSHA11357,Horsham Basketball Stadium,Horsham Rural City Council,Horsham,3400,"McPherson Street, HORSHAM 3400",-36.719358,142.205428,Basketball,2,Wooden Gymnasium,Indoor,11 - 25 Years,4. Good,4.0,Sport and Recreational Facilities List - Victoria.xlsx,wholeIFMD,Filtered rows where Sports Played is Basketball. Exact duplicate sport rows removed; repeated facility IDs combined into one venue record. court_count sums distinct basketball surface/court rows for a venue where court count is available.
HUMECI11731,Boardman Stadium,Hume City Council,Sunbury,3429,"Wilsons Lane, SUNBURY 3429",-37.582257,144.693558,Basketball,4,Wooden Gymnasium,Indoor,26 - 50 Years,4. Good,4.0,Sport and Recreational Facilities List - Victoria.xlsx,wholeIFMD,Filtered rows where Sports Played is Basketball. Exact duplicate sport rows removed; repeated facility IDs combined into one venue record. court_count sums distinct basketball surface/court rows for a venue where court count is available.
HUMECI11734,Broadmeadows Basketball Stadium,Hume City Council,Broadmeadows,3047,"40 Dimboola Road, BROADMEADOWS 3047",-37.680726,144.914566,Basketball,4,Wooden Gymnasium,Indoor,26 - 50 Years,5. Very Good,5.0,Sport and Recreational Facilities List - Victoria.xlsx,wholeIFMD,Filtered rows where Sports Played is Basketball. Exact duplicate sport rows removed; repeated facility IDs combined into one venue record. court_count sums distinct basketball surface/court rows for a venue where court count is available.
HUMECI11736,Broadmeadows Leisure Centre,Hume City Council,Broadmeadows,3047,"Dimboola Road, BROADMEADOWS 3047",-37.681087,144.915043,Basketball,2,Wooden Gymnasium,Indoor,26 - 50 Years,4. Good,4.0,Sport and Recreational Facilities List - Victoria.xlsx,wholeIFMD,Filtered rows where Sports Played is Basketball. Exact duplicate sport rows removed; repeated facility IDs combined into one venue record. court_count sums distinct basketball surface/court rows for a venue where court count is available.
HUMECI11744,Craigieburn Leisure Centre,Hume City Council,Craigieburn,3064,"127-147 Craigieburn Road, CRAIGIEBURN 3064",-37.59906,144.934474,Basketball,5,Wooden Gymnasium,Indoor,26 - 50 Years,4. Good,4.0,Sport and Recreational Facilities List - Victoria.xlsx,wholeIFMD,Filtered rows where Sports Played is Basketball. Exact duplicate sport rows removed; repeated facility IDs combined into one venue record. court_count sums distinct basketball surface/court rows for a venue where court count is available.
HUMECI11761,Greenvale Recreation Centre,Hume City Council,Greenvale,3059,"27 Barrymore Road, GREENVALE 3059",-37.650308,144.892755,Basketball,1,Wooden Gymnasium,Indoor,11 - 25 Years,4. Good,4.0,Sport and Recreational Facilities List - Victoria.xlsx,wholeIFMD,Filtered rows where Sports Played is Basketball. Exact duplicate sport rows removed; repeated facility IDs combined into one venue record. court_count sums distinct basketball surface/court rows for a venue where court count is available.
HUMECI11774,Meadow Heights Community Centre,Hume City Council,Meadow Heights,3047,"15-29 Buchan Street, MEADOW HEIGHTS 3047",-37.655,144.922,Basketball,1,Wooden Gymnasium,Indoor,11 - 25 Years,4. Good,4.0,Sport and Recreational Facilities List - Victoria.xlsx,wholeIFMD,Filtered rows where Sports Played is Basketball. Exact duplicate sport rows removed; repeated facility IDs combined into one venue record. court_count sums distinct basketball surface/court rows for a venue where court count is available.
HUMECI11778,Progress Reserve,Hume City Council,Coolaroo,3064,"27-59 Almurta Avenue, COOLAROO 3064",-37.660356,144.932832,Basketball,1,Wooden Gymnasium,Indoor,26 - 50 Years,3. Average,3.0,Sport and Recreational Facilities List - Victoria.xlsx,wholeIFMD,Filtered rows where Sports Played is Basketball. Exact duplicate sport rows removed; repeated facility IDs combined into one venue record. court_count sums distinct basketball surface/court rows for a venue where court count is available.
HUMECI11785,Sunbury Recreation Reserve,Hume City Council,Sunbury,3429,"Riddell Road, SUNBURY 3429",-37.57351,144.722593,Basketball,1,Wooden Gymnasium,Indoor,26 - 50 Years,3. Average,3.0,Sport and Recreational Facilities List - Victoria.xlsx,wholeIFMD,Filtered rows where Sports Played is Basketball. Exact duplicate sport rows removed; repeated facility IDs combined into one venue record. court_count sums distinct basketball surface/court rows for a venue where court count is available.
KINGST10925,Chelsea Basketball Stadium,Kingston City Council,Carrum,3197,"Cannes Avenue, CARRUM 3197",-38.061687,145.129178,Basketball,2,Wooden Gymnasium,Indoor,11 - 25 Years,3. Average,3.0,Sport and Recreational Facilities List - Victoria.xlsx,wholeIFMD,Filtered rows where Sports Played is Basketball. Exact duplicate sport rows removed; repeated facility IDs combined into one venue record. court_count sums distinct basketball surface/court rows for a venue where court count is available.
KINGST10971,Mordialloc Community Centre,Kingston City Council,Mordialloc,3195,"Warren Road, MORDIALLOC 3195",-37.991215,145.091893,Basketball,,Wooden Gymnasium,Indoor,,,,Sport and Recreational Facilities List - Victoria.xlsx,wholeIFMD,Filtered rows where Sports Played is Basketball. Exact duplicate sport rows removed; repeated facility IDs combined into one venue record. court_count sums distinct basketball surface/court rows for a venue where court count is available.
KNOXCI8542,Bayswater Indoor Soccer Centre,Knox City Council,Bayswater,3153,"13 Burton Court, BAYSWATER 3153",-37.845958,145.271516,Basketball,2,,Unknown,,,,Sport and Recreational Facilities List - Victoria.xlsx,wholeIFMD,Filtered rows where Sports Played is Basketball. Exact duplicate sport rows removed; repeated facility IDs combined into one venue record. court_count sums distinct basketball surface/court rows for a venue where court count is available.
KNOXCI8553,Carrington Park Leisure Centre,Knox City Council,Knoxfield,3180,"20 O'Connor Road, KNOXFIELD 3180",-37.895309,145.242961,Basketball,,,Unknown,,,,Sport and Recreational Facilities List - Victoria.xlsx,wholeIFMD,Filtered rows where Sports Played is Basketball. Exact duplicate sport rows removed; repeated facility IDs combined into one venue record. court_count sums distinct basketball surface/court rows for a venue where court count is available.
KNOXCI8574,Goodlife Health Clubs,Knox City Council,Wantirna,3152,"141 Mountain Highway, WANTIRNA 3152",-37.854284,145.217179,Basketball,,,Unknown,,,,Sport and Recreational Facilities List - Victoria.xlsx,wholeIFMD,Filtered rows where Sports Played is Basketball. Exact duplicate sport rows removed; repeated facility IDs combined into one venue record. court_count sums distinct basketball surface/court rows for a venue where court count is available.
KNOXCI8581,Knox Basketball Stadium,Knox City Council,Boronia,3155,"Park Crescent, BORONIA 3155",-37.864488,145.283504,Basketball,6,Wooden Gymnasium,Indoor,,,,Sport and Recreational Facilities List - Victoria.xlsx,wholeIFMD,Filtered rows where Sports Played is Basketball. Exact duplicate sport rows removed; repeated facility IDs combined into one venue record. court_count sums distinct basketball surface/court rows for a venue where court count is available.
KNOXCI8591,Lakesfield Reserve,Knox City Council,Lysterfield,3156,"Lakesfield Drive, LYSTERFIELD 3156",-37.912384,145.278083,Basketball,1,Asphalt,Outdoor,,,,Sport and Recreational Facilities List - Victoria.xlsx,wholeIFMD,Filtered rows where Sports Played is Basketball. Exact duplicate sport rows removed; repeated facility IDs combined into one venue record. court_count sums distinct basketball surface/court rows for a venue where court count is available.
KNOXCI8594,Liberty Avenue Reserve,Knox City Council,Rowville,3178,"Liberty Avenue, ROWVILLE 3178",-37.93122,145.242051,Basketball,1,Asphalt,Outdoor,,,,Sport and Recreational Facilities List - Victoria.xlsx,wholeIFMD,Filtered rows where Sports Played is Basketball. Exact duplicate sport rows removed; repeated facility IDs combined into one venue record. court_count sums distinct basketball surface/court rows for a venue where court count is available.
KNOXCI8606,Rowville Community Centre,Knox City Council,Rowville,3178,"20 Fulham Road, ROWVILLE 3178",-37.919609,145.239588,Basketball,2,Wooden Gymnasium,Indoor,,,,Sport and Recreational Facilities List - Victoria.xlsx,wholeIFMD,Filtered rows where Sports Played is Basketball. Exact duplicate sport rows removed; repeated facility IDs combined into one venue record. court_count sums distinct basketball surface/court rows for a venue where court count is available.
LATROB11408,Glendonald Park,LaTrobe City Council,Churchill,3842,"Amaroo Drive, CHURCHILL 3842",-38.319457,146.423086,Basketball,1,Asphalt,Outdoor,6 - 10 Years,4. Good,4.0,Sport and Recreational Facilities List - Victoria.xlsx,wholeIFMD,Filtered rows where Sports Played is Basketball. Exact duplicate sport rows removed; repeated facility IDs combined into one venue record. court_count sums distinct basketball surface/court rows for a venue where court count is available.
LATROB11397,Latrobe Leisure Churchill,LaTrobe City Council,Churchill,3842,"McDonald Way, CHURCHILL 3842",-38.31122,146.424084,Basketball,4,Wooden Gymnasium,Indoor,26 - 50 Years,5. Very Good,5.0,Sport and Recreational Facilities List - Victoria.xlsx,wholeIFMD,Filtered rows where Sports Played is Basketball. Exact duplicate sport rows removed; repeated facility IDs combined into one venue record. court_count sums distinct basketball surface/court rows for a venue where court count is available.
LATROB11420,Latrobe Leisure Moe/Newborough,LaTrobe City Council,Newborough,3825,"Southwell avenue, NEWBOROUGH 3825",-38.177475,146.293345,Basketball,4,Wooden Gymnasium,Indoor,26 - 50 Years,4. Good,4.0,Sport and Recreational Facilities List - Victoria.xlsx,wholeIFMD,Filtered rows where Sports Played is Basketball. Exact duplicate sport rows removed; repeated facility IDs combined into one venue record. court_count sums distinct basketball surface/court rows for a venue where court count is available.
LATROB11421,Latrobe Leisure Morwell,LaTrobe City Council,Morwell,3840,"McDonald street, MORWELL 3840",-38.23386,146.405648,Basketball,1,Wooden Gymnasium,Indoor,11 - 25 Years,4. Good,4.0,Sport and Recreational Facilities List - Victoria.xlsx,wholeIFMD,Filtered rows where Sports Played is Basketball. Exact duplicate sport rows removed; repeated facility IDs combined into one venue record. court_count sums distinct basketball surface/court rows for a venue where court count is available.
LATROB11456,Traralgon Sports Stadium,LaTrobe City Council,Traralgon,3844,"Catterick Cresent, TRARALGON 3844",-38.200021,146.517852,Basketball,1,Wooden Gymnasium,Indoor,26 - 50 Years,4. Good,4.0,Sport and Recreational Facilities List - Victoria.xlsx,wholeIFMD,Filtered rows where Sports Played is Basketball. Exact duplicate sport rows removed; repeated facility IDs combined into one venue record. court_count sums distinct basketball surface/court rows for a venue where court count is available.
LODDON12609,Pyramid Hill College Stadium,Loddon Shire Council,Pyramid Hills,3575,"Kelly Street, PYRAMID HILLS 3575",-36.048731,144.11324,Basketball,1,Wooden Gymnasium,Indoor,6 - 10 Years,4. Good,4.0,Sport and Recreational Facilities List - Victoria.xlsx,wholeIFMD,Filtered rows where Sports Played is Basketball. Exact duplicate sport rows removed; repeated facility IDs combined into one venue record. court_count sums distinct basketball surface/court rows for a venue where court count is available.
MACEDO10915,Buffalo Sports Stadium - Woodend,Macedon Ranges Shire Council,Woodend,3442,"1-29 Forest Street, WOODEND 3442",-37.35326,144.521575,Basketball,1,Wooden Gymnasium,Indoor,11 - 25 Years,4. Good,4.0,Sport and Recreational Facilities List - Victoria.xlsx,wholeIFMD,Filtered rows where Sports Played is Basketball. Exact duplicate sport rows removed; repeated facility IDs combined into one venue record. court_count sums distinct basketball surface/court rows for a venue where court count is available.
MACEDO10916,Bullengarook Recreation Reserve,Macedon Ranges Shire Council,Bullengarook,3437,"683 Bacchus Marsh Road, BULLENGAROOK 3437",-37.484892,144.51989,Basketball,1,Asphalt,Outdoor,26 - 50 Years,3. Average,3.0,Sport and Recreational Facilities List - Victoria.xlsx,wholeIFMD,Filtered rows where Sports Played is Basketball. Exact duplicate sport rows removed; repeated facility IDs combined into one venue record. court_count sums distinct basketball surface/court rows for a venue where court count is available.
MACEDO10934,Kyneton Toyota Sports and Aquatic Centre,Macedon Ranges Shire Council,Kyneton,3444,"4 Victoria Street, KYNETON 3444",-37.248,144.4585,Basketball,2,Wooden Gymnasium,Indoor,11 - 25 Years,4. Good,4.0,Sport and Recreational Facilities List - Victoria.xlsx,wholeIFMD,Filtered rows where Sports Played is Basketball. Exact duplicate sport rows removed; repeated facility IDs combined into one venue record. court_count sums distinct basketball surface/court rows for a venue where court count is available.
MACEDO10939,Macedon Community Centre,Macedon Ranges Shire Council,Macedon,3440,"Waterfalls Road, MACEDON 3440",-37.417427,144.573248,Basketball,1,Wooden Flooring,Indoor,11 - 25 Years,4. Good,4.0,Sport and Recreational Facilities List - Victoria.xlsx,wholeIFMD,Filtered rows where Sports Played is Basketball. Exact duplicate sport rows removed; repeated facility IDs combined into one venue record. court_count sums distinct basketball surface/court rows for a venue where court count is available.
MACEDO10943,Riddells Creek Leisure Centre,Macedon Ranges Shire Council,Riddells Creek,3431,"Sutherlands Road, RIDDELLS CREEK 3431",-37.4621,144.683697,Basketball,1,Wooden Gymnasium,Indoor,11 - 25 Years,4. Good,4.0,Sport and Recreational Facilities List - Victoria.xlsx,wholeIFMD,Filtered rows where Sports Played is Basketball. Exact duplicate sport rows removed; repeated facility IDs combined into one venue record. court_count sums distinct basketball surface/court rows for a venue where court count is available.
MACEDO10947,Romsey Recreation Centre,Macedon Ranges Shire Council,Romsey,3434,"Park Lane, ROMSEY 3434",-37.354001,144.749608,Basketball,1,Wooden Gymnasium,Indoor,11 - 25 Years,4. Good,4.0,Sport and Recreational Facilities List - Victoria.xlsx,wholeIFMD,Filtered rows where Sports Played is Basketball. Exact duplicate sport rows removed; repeated facility IDs combined into one venue record. court_count sums distinct basketball surface/court rows for a venue where court count is available.
MACEDO10954,Woodend Racecourse Reserve,Macedon Ranges Shire Council,Woodend,3442,"1-29 Forest Street, WOODEND 3442",-37.352449,144.520671,Basketball,2,Synthetic,Outdoor,11 - 25 Years,3. Average,3.0,Sport and Recreational Facilities List - Victoria.xlsx,wholeIFMD,Filtered rows where Sports Played is Basketball. Exact duplicate sport rows removed; repeated facility IDs combined into one venue record. court_count sums distinct basketball surface/court rows for a venue where court count is available.
MANNIN10996,Domeney Reserve,Manningham City Council,Park Orchards,3114,"Knees Road, PARK ORCHARDS 3114",-37.774361,145.218816,Basketball,1,Asphalt,Outdoor,,,,Sport and Recreational Facilities List - Victoria.xlsx,wholeIFMD,Filtered rows where Sports Played is Basketball. Exact duplicate sport rows removed; repeated facility IDs combined into one venue record. court_count sums distinct basketball surface/court rows for a venue where court count is available.
MANNIN10997,Doncaster Badminton Centre,Manningham City Council,Doncaster,3108,"Hummel Way, DONCASTER 3108",-37.78571,145.131872,Basketball,1,Wooden Gymnasium,Indoor,26 - 50 Years,4. Good,4.0,Sport and Recreational Facilities List - Victoria.xlsx,wholeIFMD,Filtered rows where Sports Played is Basketball. Exact duplicate sport rows removed; repeated facility IDs combined into one venue record. court_count sums distinct basketball surface/court rows for a venue where court count is available.
MANNIN10999,Doncaster Leeds Street Sports Centre,Manningham City Council,East Doncaster,3109,"Leeds Street, EAST DONCASTER 3109",-37.788628,145.151316,Basketball,1,Wooden Gymnasium,Indoor,26 - 50 Years,4. Good,4.0,Sport and Recreational Facilities List - Victoria.xlsx,wholeIFMD,Filtered rows where Sports Played is Basketball. Exact duplicate sport rows removed; repeated facility IDs combined into one venue record. court_count sums distinct basketball surface/court rows for a venue where court count is available.
MANNIN11002,Donvale Reserve,Manningham City Council,Donvale,3111,"Mitcham Road, DONVALE 3111",-37.79443,145.175822,Basketball,1,Asphalt,Outdoor,,,,Sport and Recreational Facilities List - Victoria.xlsx,wholeIFMD,Filtered rows where Sports Played is Basketball. Exact duplicate sport rows removed; repeated facility IDs combined into one venue record. court_count sums distinct basketball surface/court rows for a venue where court count is available.
MANNIN11014,Manningham Donvale Indoor Sports Centre,Manningham City Council,Springvale,3171,"360 Springvale Road, SPRINGVALE 3171",-37.799435,145.177737,Basketball,2,Wooden Gymnasium,Indoor,26 - 50 Years,5. Very Good,5.0,Sport and Recreational Facilities List - Victoria.xlsx,wholeIFMD,Filtered rows where Sports Played is Basketball. Exact duplicate sport rows removed; repeated facility IDs combined into one venue record. court_count sums distinct basketball surface/court rows for a venue where court count is available.
MANNIN11018,Park Orchards Community Centre,Manningham City Council,Park Orchards,3114,"Bowmore Avenue, PARK ORCHARDS 3114",-37.778933,145.215429,Basketball,1,Wooden Gymnasium,Indoor,26 - 50 Years,4. Good,4.0,Sport and Recreational Facilities List - Victoria.xlsx,wholeIFMD,Filtered rows where Sports Played is Basketball. Exact duplicate sport rows removed; repeated facility IDs combined into one venue record. court_count sums distinct basketball surface/court rows for a venue where court count is available.
MANNIN11027,Templestowe Heights Primary School,Manningham City Council,Templestowe,3106,"High Street, TEMPLESTOWE 3106",-37.766629,145.120015,Basketball,1,Wooden Gymnasium,Indoor,26 - 50 Years,3. Average,3.0,Sport and Recreational Facilities List - Victoria.xlsx,wholeIFMD,Filtered rows where Sports Played is Basketball. Exact duplicate sport rows removed; repeated facility IDs combined into one venue record. court_count sums distinct basketball surface/court rows for a venue where court count is available.
MANNIN11028,Templestowe Leisure Centre,Manningham City Council,Templestowe,3106,"1 Anderson Street, TEMPLESTOWE 3106",-37.758454,145.128607,Basketball,2,Wooden Gymnasium,Indoor,26 - 50 Years,4. Good,4.0,Sport and Recreational Facilities List - Victoria.xlsx,wholeIFMD,Filtered rows where Sports Played is Basketball. Exact duplicate sport rows removed; repeated facility IDs combined into one venue record. court_count sums distinct basketball surface/court rows for a venue where court count is available.
MANNIN11030,The Veneto Club,Manningham City Council,Bulleen,3105,"191 Bulleen Road, BULLEEN 3105",-37.772202,145.077675,Basketball,1,Wooden Gymnasium,Indoor,,,,Sport and Recreational Facilities List - Victoria.xlsx,wholeIFMD,Filtered rows where Sports Played is Basketball. Exact duplicate sport rows removed; repeated facility IDs combined into one venue record. court_count sums distinct basketball surface/court rows for a venue where court count is available.
MANSFI11082,Mansfield Sporting Complex,Mansfield Shire Council,Mansfield,3722,"Highett Street, MANSFIELD 3722",-37.054086,146.085921,Basketball,1,Wooden Gymnasium,Indoor,26 - 50 Years,1. Very Poor,1.0,Sport and Recreational Facilities List - Victoria.xlsx,wholeIFMD,Filtered rows where Sports Played is Basketball. Exact duplicate sport rows removed; repeated facility IDs combined into one venue record. court_count sums distinct basketball surface/court rows for a venue where court count is available.
MARIBY8456,Footscray Nicholson Recreation Centre (Vic Uni),Maribyrnong City Council,Footscray,3011,"Buckley Street, FOOTSCRAY 3011",-37.804628,144.898151,Basketball,1,,Unknown,,,,Sport and Recreational Facilities List - Victoria.xlsx,wholeIFMD,Filtered rows where Sports Played is Basketball. Exact duplicate sport rows removed; repeated facility IDs combined into one venue record. court_count sums distinct basketball surface/court rows for a venue where court count is available.
MARIBY8458,Footscray Park Aquatic and Fitness Centre (Vic Uni),Maribyrnong City Council,Footscray,3011,"Ballarat Road, FOOTSCRAY 3011",-37.792875,144.898001,Basketball,3,,Unknown,,,,Sport and Recreational Facilities List - Victoria.xlsx,wholeIFMD,Filtered rows where Sports Played is Basketball. Exact duplicate sport rows removed; repeated facility IDs combined into one venue record. court_count sums distinct basketball surface/court rows for a venue where court count is available.
MARIBY8479,RecWest Braybrook,Maribyrnong City Council,Braybrook,3019,"Lily Street, BRAYBROOK 3019",-37.78359,144.848733,Basketball,4,,Unknown,26 - 50 Years,4. Good,4.0,Sport and Recreational Facilities List - Victoria.xlsx,wholeIFMD,Filtered rows where Sports Played is Basketball. Exact duplicate sport rows removed; repeated facility IDs combined into one venue record. court_count sums distinct basketball surface/court rows for a venue where court count is available.
MARIBY8480,RecWest Footscray,Maribyrnong City Council,Footscray,3011,"Market Street, FOOTSCRAY 3011",-37.795598,144.879866,Basketball,1,,Unknown,51 Years +,2. Poor,2.0,Sport and Recreational Facilities List - Victoria.xlsx,wholeIFMD,Filtered rows where Sports Played is Basketball. Exact duplicate sport rows removed; repeated facility IDs combined into one venue record. court_count sums distinct basketball surface/court rows for a venue where court count is available.
MARIBY8482,Rogers Reserve,Maribyrnong City Council,Maidstone,3012,"Burns Street, MAIDSTONE 3012",-37.787789,144.873512,Basketball,1,Asphalt,Outdoor,,,,Sport and Recreational Facilities List - Victoria.xlsx,wholeIFMD,Filtered rows where Sports Played is Basketball. Exact duplicate sport rows removed; repeated facility IDs combined into one venue record. court_count sums distinct basketball surface/court rows for a venue where court count is available.
MARIBY8485,Skinner Reserve,Maribyrnong City Council,Braybrook,3019,"Churchill Avenue, BRAYBROOK 3019",-37.787315,144.855322,Basketball,1,Synthetic,Outdoor,6 - 10 Years,3. Average,3.0,Sport and Recreational Facilities List - Victoria.xlsx,wholeIFMD,Filtered rows where Sports Played is Basketball. Exact duplicate sport rows removed; repeated facility IDs combined into one venue record. court_count sums distinct basketball surface/court rows for a venue where court count is available.
MARIBY8488,Whitten Oval,Maribyrnong City Council,West Footscray,3012,"417 Barkly Street, WEST FOOTSCRAY 3012",-37.799971,144.886788,Basketball,4,,Unknown,,,,Sport and Recreational Facilities List - Victoria.xlsx,wholeIFMD,Filtered rows where Sports Played is Basketball. Exact duplicate sport rows removed; repeated facility IDs combined into one venue record. court_count sums distinct basketball surface/court rows for a venue where court count is available.
MAROON11027,John Frost Stadium,Maroondah City Council,Croydon South,3136,"Eastfield Road, CROYDON SOUTH 3136",-37.809887,145.267566,Basketball,1,Wooden Gymnasium,Indoor,26 - 50 Years,3. Average,3.0,Sport and Recreational Facilities List - Victoria.xlsx,wholeIFMD,Filtered rows where Sports Played is Basketball. Exact duplicate sport rows removed; repeated facility IDs combined into one venue record. court_count sums distinct basketball surface/court rows for a venue where court count is available.
MAROON11030,Maroondah Indoor Sports Centre,Maroondah City Council,Ringwood,3134,"362-378 Canterbury Road, RINGWOOD 3134",-37.8332,145.221599,Basketball,4,Wooden Gymnasium,Indoor,11 - 25 Years,4. Good,4.0,Sport and Recreational Facilities List - Victoria.xlsx,wholeIFMD,Filtered rows where Sports Played is Basketball. Exact duplicate sport rows removed; repeated facility IDs combined into one venue record. court_count sums distinct basketball surface/court rows for a venue where court count is available.
MELBOU10988,Carlton Baths Community Centre,Melbourne City Council,Carlton,,"248 Rathdowne Street, CARLTON",-37.792875,144.969005,Basketball,,Wooden Gymnasium,Indoor,51 Years +,5. Very Good,5.0,Sport and Recreational Facilities List - Victoria.xlsx,wholeIFMD,Filtered rows where Sports Played is Basketball. Exact duplicate sport rows removed; repeated facility IDs combined into one venue record. court_count sums distinct basketball surface/court rows for a venue where court count is available.
MELBOU11008,Kensington Community Recreation Centre,Melbourne City Council,Kensington,,"Altona Street, KENSINGTON",-37.796187,144.924603,Basketball,1,Wooden Gymnasium,Indoor,26 - 50 Years,3. Average,3.0,Sport and Recreational Facilities List - Victoria.xlsx,wholeIFMD,Filtered rows where Sports Played is Basketball. Exact duplicate sport rows removed; repeated facility IDs combined into one venue record. court_count sums distinct basketball surface/court rows for a venue where court count is available.
MELBOU11020,North Melbourne Community Centre,Melbourne City Council,North Melbourne,,"53 Buncle Street, NORTH MELBOURNE",-37.793231,144.939922,Basketball,,Wooden Gymnasium,Indoor,26 - 50 Years,1. Very Poor,1.0,Sport and Recreational Facilities List - Victoria.xlsx,wholeIFMD,Filtered rows where Sports Played is Basketball. Exact duplicate sport rows removed; repeated facility IDs combined into one venue record. court_count sums distinct basketball surface/court rows for a venue where court count is available.
MELBOU11022,North Melbourne Recreation Centre,Melbourne City Council,North Melbourne,,"206 Arden Street, NORTH MELBOURNE",-37.799291,144.941973,Basketball,1,Wooden Gymnasium,Indoor,0 - 5 Years,5. Very Good,5.0,Sport and Recreational Facilities List - Victoria.xlsx,wholeIFMD,Filtered rows where Sports Played is Basketball. Exact duplicate sport rows removed; repeated facility IDs combined into one venue record. court_count sums distinct basketball surface/court rows for a venue where court count is available.
MELBOU11027,State Netball & Hockey Centre,Melbourne City Council,Parkville,,"Brens Drive, PARKVILLE",-37.783169,144.949402,Basketball,1,Wooden Gymnasium,Indoor,,,,Sport and Recreational Facilities List - Victoria.xlsx,wholeIFMD,Filtered rows where Sports Played is Basketball. Exact duplicate sport rows removed; repeated facility IDs combined into one venue record. court_count sums distinct basketball surface/court rows for a venue where court count is available.
MELTON9047,Arnolds Creek Recreation Reserve,Melton Shire Council,Melton,3337,"Claret Ash Boulevard, MELTON 3337",-37.667209,144.546475,Basketball,2,Synthetic,Outdoor,0 - 5 Years,5. Very Good,5.0,Sport and Recreational Facilities List - Victoria.xlsx,wholeIFMD,Filtered rows where Sports Played is Basketball. Exact duplicate sport rows removed; repeated facility IDs combined into one venue record. court_count sums distinct basketball surface/court rows for a venue where court count is available.
MELTON9048,Banchory Avenue Tennis Court,Melton Shire Council,Hillside,3037,"Banchory Avenue, HILLSIDE 3037",-37.688411,144.74898,Basketball,1,Asphalt,Outdoor,6 - 10 Years,3. Average,3.0,Sport and Recreational Facilities List - Victoria.xlsx,wholeIFMD,Filtered rows where Sports Played is Basketball. Exact duplicate sport rows removed; repeated facility IDs combined into one venue record. court_count sums distinct basketball surface/court rows for a venue where court count is available.
MELTON9054,Caroline Springs Leisure Centre,Melton Shire Council,Caroline Springs,3023,"9-19 The Parade, CAROLINE SPRINGS 3023",-37.732588,144.73988,Basketball,3,Wooden Gymnasium,Indoor,0 - 5 Years,5. Very Good,5.0,Sport and Recreational Facilities List - Victoria.xlsx,wholeIFMD,Filtered rows where Sports Played is Basketball. Exact duplicate sport rows removed; repeated facility IDs combined into one venue record. court_count sums distinct basketball surface/court rows for a venue where court count is available.
MELTON10915,Eynesbury Tennis Centre,Melton Shire Council,Eynesbury,3338,"Eynesbury Road, EYNESBURY 3338",-37.76724,144.562905,Basketball,1,Synthetic,Outdoor,,,,Sport and Recreational Facilities List - Victoria.xlsx,wholeIFMD,Filtered rows where Sports Played is Basketball. Exact duplicate sport rows removed; repeated facility IDs combined into one venue record. court_count sums distinct basketball surface/court rows for a venue where court count is available.
MELTON9070,Melton Indoor Recreation Centre,Melton Shire Council,Melton,3337,"Coburns Road, MELTON 3337",-37.681499,144.567827,Basketball,3,Wooden Gymnasium,Indoor,26 - 50 Years,4. Good,4.0,Sport and Recreational Facilities List - Victoria.xlsx,wholeIFMD,Filtered rows where Sports Played is Basketball. Exact duplicate sport rows removed; repeated facility IDs combined into one venue record. court_count sums distinct basketball surface/court rows for a venue where court count is available.
MILDUR9107,Irymple Community Leisure Centre,Mildura Rural City Council,Irymple,3498,"Karadoc Avenue, IRYMPLE 3498",-34.233455,142.164334,Basketball,1,Wooden Gymnasium,Indoor,11 - 25 Years,4. Good,4.0,Sport and Recreational Facilities List - Victoria.xlsx,wholeIFMD,Filtered rows where Sports Played is Basketball. Exact duplicate sport rows removed; repeated facility IDs combined into one venue record. court_count sums distinct basketball surface/court rows for a venue where court count is available.
MILDUR9117,Mildura Basketball Stadium,Mildura Rural City Council,Mildura,3500,"King Avenue, MILDURA 3500",-34.190606,142.169868,Basketball,4,Wooden Gymnasium,Indoor,11 - 25 Years,4. Good,4.0,Sport and Recreational Facilities List - Victoria.xlsx,wholeIFMD,Filtered rows where Sports Played is Basketball. Exact duplicate sport rows removed; repeated facility IDs combined into one venue record. court_count sums distinct basketball surface/court rows for a venue where court count is available.
MILDUR9126,Murrayville Recreation Reserve,Mildura Rural City Council,Murrayville,3512,"Recreation Reserve Road, MURRAYVILLE 3512",-35.258747,141.183848,Basketball,2,Synthetic,Outdoor,11 - 25 Years,3. Average,3.0,Sport and Recreational Facilities List - Victoria.xlsx,wholeIFMD,Filtered rows where Sports Played is Basketball. Exact duplicate sport rows removed; repeated facility IDs combined into one venue record. court_count sums distinct basketball surface/court rows for a venue where court count is available.
MILDUR9130,Ouyen Community Centre,Mildura Rural City Council,Ouyen,3490,"14 Matheson Street, OUYEN 3490",-35.065365,142.322408,Basketball,1,Wooden Gymnasium,Indoor,11 - 25 Years,4. Good,4.0,Sport and Recreational Facilities List - Victoria.xlsx,wholeIFMD,Filtered rows where Sports Played is Basketball. Exact duplicate sport rows removed; repeated facility IDs combined into one venue record. court_count sums distinct basketball surface/court rows for a venue where court count is available.
MITCHE11169,Broadford Leisure Centre,Mitchell Shire Council,Broadford,3658,"Mollison Street, BROADFORD 3658",-37.201799,145.039619,Basketball,2,Wooden Gymnasium,Indoor,11 - 25 Years,3. Average,3.0,Sport and Recreational Facilities List - Victoria.xlsx,wholeIFMD,Filtered rows where Sports Played is Basketball. Exact duplicate sport rows removed; repeated facility IDs combined into one venue record. court_count sums distinct basketball surface/court rows for a venue where court count is available.
MITCHE11188,RB Robson Stadium,Mitchell Shire Council,Wallan,3756,"Bentinck Street, WALLAN 3756",-37.41536,144.980723,Basketball,3,Wooden Gymnasium,Indoor,11 - 25 Years,5. Very Good,5.0,Sport and Recreational Facilities List - Victoria.xlsx,wholeIFMD,Filtered rows where Sports Played is Basketball. Exact duplicate sport rows removed; repeated facility IDs combined into one venue record. court_count sums distinct basketball surface/court rows for a venue where court count is available.
MITCHE11190,Seymour Sports and Aquatic Centre,Mitchell Shire Council,Seymour,3660,"Pollard Street, SEYMOUR 3660",-37.028321,145.1484,Basketball,2,Wooden Gymnasium,Indoor,11 - 25 Years,4. Good,4.0,Sport and Recreational Facilities List - Victoria.xlsx,wholeIFMD,Filtered rows where Sports Played is Basketball. Exact duplicate sport rows removed; repeated facility IDs combined into one venue record. court_count sums distinct basketball surface/court rows for a venue where court count is available.
MITCHE11200,Wandong Memorial Stadium,Mitchell Shire Council,Wandong,3758,"Dry Creek Crescent, WANDONG 3758",-37.358297,145.030944,Basketball,,,Unknown,,,,Sport and Recreational Facilities List - Victoria.xlsx,wholeIFMD,Filtered rows where Sports Played is Basketball. Exact duplicate sport rows removed; repeated facility IDs combined into one venue record. court_count sums distinct basketball surface/court rows for a venue where court count is available.
MOIRAS12185,Cobram Sports Stadium,Moira Shire Council,Cobram,3644,"Campbell Road, COBRAM 3644",-35.922306,145.657066,Basketball,2,Wooden Gymnasium,Indoor,11 - 25 Years,4. Good,4.0,Sport and Recreational Facilities List - Victoria.xlsx,wholeIFMD,Filtered rows where Sports Played is Basketball. Exact duplicate sport rows removed; repeated facility IDs combined into one venue record. court_count sums distinct basketball surface/court rows for a venue where court count is available.
MOIRAS12195,Nathalia Sports & Community Centre & Skate Park,Moira Shire Council,Nathalia,3638,"Gifford Street, NATHALIA 3638",-36.060613,145.206106,Basketball,1,Wooden Gymnasium,Indoor,26 - 50 Years,4. Good,4.0,Sport and Recreational Facilities List - Victoria.xlsx,wholeIFMD,Filtered rows where Sports Played is Basketball. Exact duplicate sport rows removed; repeated facility IDs combined into one venue record. court_count sums distinct basketball surface/court rows for a venue where court count is available.
MONASH11992,Brandon Park Community Centre,Monash City Council,Glen Waverley,3150,"649 Ferntree Gully Road, GLEN WAVERLEY 3150",-37.902145,145.164465,Basketball,1,Wooden Gymnasium,Indoor,26 - 50 Years,4. Good,4.0,Sport and Recreational Facilities List - Victoria.xlsx,wholeIFMD,Filtered rows where Sports Played is Basketball. Exact duplicate sport rows removed; repeated facility IDs combined into one venue record. court_count sums distinct basketball surface/court rows for a venue where court count is available.
MONASH12050,Oakleigh Recreation Centre,Monash City Council,Oakleigh,3166,"Park Road, OAKLEIGH 3166",-37.893318,145.097143,Basketball,4,Wooden Gymnasium,Indoor,26 - 50 Years,4. Good,4.0,Sport and Recreational Facilities List - Victoria.xlsx,wholeIFMD,Filtered rows where Sports Played is Basketball. Exact duplicate sport rows removed; repeated facility IDs combined into one venue record. court_count sums distinct basketball surface/court rows for a venue where court count is available.
MONASH12063,Syndal Baptist Church,Monash City Council,Glen Waverley,3150,"588 High St Road, GLEN WAVERLEY 3150",-37.872238,145.136747,Basketball,,Wooden Gymnasium,Indoor,,,,Sport and Recreational Facilities List - Victoria.xlsx,wholeIFMD,Filtered rows where Sports Played is Basketball. Exact duplicate sport rows removed; repeated facility IDs combined into one venue record. court_count sums distinct basketball surface/court rows for a venue where court count is available.
MONASH12068,Waverley Basketball Club (Glendall Primary School),Monash City Council,Glen Waverley,3150,"Nottingham Street, GLEN WAVERLEY 3150",-37.866948,145.157592,Basketball,,Wooden Gymnasium,Indoor,,,,Sport and Recreational Facilities List - Victoria.xlsx,wholeIFMD,Filtered rows where Sports Played is Basketball. Exact duplicate sport rows removed; repeated facility IDs combined into one venue record. court_count sums distinct basketball surface/court rows for a venue where court count is available.
MONASH12069,Waverley Basketball Stadium,Monash City Council,Chadstone,3148,"Power Avenue, CHADSTONE 3148",-37.876276,145.099839,Basketball,6,Wooden Gymnasium,Indoor,11 - 25 Years,4. Good,4.0,Sport and Recreational Facilities List - Victoria.xlsx,wholeIFMD,Filtered rows where Sports Played is Basketball. Exact duplicate sport rows removed; repeated facility IDs combined into one venue record. court_count sums distinct basketball surface/court rows for a venue where court count is available.
MOORAB9411,Bacchus Marsh Leisure Centre,Moorabool Shire Council,Bacchus Marsh,3340,"5/15 Labilliere Street, BACCHUS MARSH 3340",-37.684258,144.431985,Basketball,2,Wooden Flooring,Indoor,26 - 50 Years,4. Good,4.0,Sport and Recreational Facilities List - Victoria.xlsx,wholeIFMD,Filtered rows where Sports Played is Basketball. Exact duplicate sport rows removed; repeated facility IDs combined into one venue record. court_count sums distinct basketball surface/court rows for a venue where court count is available.
MORELA13025,Brunswick Sports Stadium,Moreland City Council,Brunswick,3056,"4 Gardiner Street, BRUNSWICK 3056",-37.767578,144.955866,Basketball,1,Wooden Gymnasium,Indoor,,3. Average,3.0,Sport and Recreational Facilities List - Victoria.xlsx,wholeIFMD,Filtered rows where Sports Played is Basketball. Exact duplicate sport rows removed; repeated facility IDs combined into one venue record. court_count sums distinct basketball surface/court rows for a venue where court count is available.
MORELA13044,Oak Park Stadium,Moreland City Council,Oak Park,3046,"9 Hillcrest Road, OAK PARK 3046",-37.713403,144.925515,Basketball,1,Wooden Gymnasium,Indoor,26 - 50 Years,4. Good,4.0,Sport and Recreational Facilities List - Victoria.xlsx,wholeIFMD,Filtered rows where Sports Played is Basketball. Exact duplicate sport rows removed; repeated facility IDs combined into one venue record. court_count sums distinct basketball surface/court rows for a venue where court count is available.
MORNIN11122,Bittern Memorial Centre,Mornington Peninsula Shire Council,Bittern,3918,"101 Hendersons Road, BITTERN 3918",-38.340223,145.168447,Basketball,1,Wooden Gymnasium,Indoor,11 - 25 Years,4. Good,4.0,Sport and Recreational Facilities List - Victoria.xlsx,wholeIFMD,Filtered rows where Sports Played is Basketball. Exact duplicate sport rows removed; repeated facility IDs combined into one venue record. court_count sums distinct basketball surface/court rows for a venue where court count is available.
MORNIN11151,David Collins Leisure Centre,Mornington Peninsula Shire Council,Mornington,3931,"350 Dunns Road, MORNINGTON 3931",-38.237161,145.052227,Basketball,2,Wooden Gymnasium,Indoor,26 - 50 Years,3. Average,3.0,Sport and Recreational Facilities List - Victoria.xlsx,wholeIFMD,Filtered rows where Sports Played is Basketball. Exact duplicate sport rows removed; repeated facility IDs combined into one venue record. court_count sums distinct basketball surface/court rows for a venue where court count is available.
MORNIN11140,Hastings Community Hub (Fitness & Leisure Centre),Mornington Peninsula Shire Council,Hastings,3915,"1973 Frankston-Flinders Road, HASTINGS 3915",-38.297198,145.184966,Basketball,1,Wooden Gymnasium,Indoor,11 - 25 Years,5. Very Good,5.0,Sport and Recreational Facilities List - Victoria.xlsx,wholeIFMD,Filtered rows where Sports Played is Basketball. Exact duplicate sport rows removed; repeated facility IDs combined into one venue record. court_count sums distinct basketball surface/court rows for a venue where court count is available.
MORNIN11196,Sommerville Recreation & Community Centre,Mornington Peninsula Shire Council,Sommerville,3912,"14 Edward Street, SOMMERVILLE 3912",-38.225158,145.172387,Basketball,2,Wooden Gymnasium,Indoor,26 - 50 Years,3. Average,3.0,Sport and Recreational Facilities List - Victoria.xlsx,wholeIFMD,Filtered rows where Sports Played is Basketball. Exact duplicate sport rows removed; repeated facility IDs combined into one venue record. court_count sums distinct basketball surface/court rows for a venue where court count is available.
MOUNTA12657,Wesley Hill Stadium,Mount Alexander Shire Council,Castlemaine,3450,"McGrath Street, CASTLEMAINE 3450",-37.071789,144.22984,Basketball,2,Wooden Gymnasium,Indoor,11 - 25 Years,4. Good,4.0,Sport and Recreational Facilities List - Victoria.xlsx,wholeIFMD,Filtered rows where Sports Played is Basketball. Exact duplicate sport rows removed; repeated facility IDs combined into one venue record. court_count sums distinct basketball surface/court rows for a venue where court count is available.
MURRIN5454,Alexandra Community Leisure Centre,Murrindindi Shire Council,Alexandra,5029,"5029 Maroondah Highway, ALEXANDRA 5029",-37.193387,145.700477,Basketball,1,Wooden Gymnasium,Indoor,26 - 50 Years,3. Average,3.0,Sport and Recreational Facilities List - Victoria.xlsx,wholeIFMD,Filtered rows where Sports Played is Basketball. Exact duplicate sport rows removed; repeated facility IDs combined into one venue record. court_count sums distinct basketball surface/court rows for a venue where court count is available.
MURRIN11009,Eildon Community Basketball Courts,Murrindindi Shire Council,Eildon,3713,"Centre Avenue, EILDON 3713",-37.233612,145.907799,Basketball,2,,Unknown,,,,Sport and Recreational Facilities List - Victoria.xlsx,wholeIFMD,Filtered rows where Sports Played is Basketball. Exact duplicate sport rows removed; repeated facility IDs combined into one venue record. court_count sums distinct basketball surface/court rows for a venue where court count is available.
MURRIN11021,Gallipoli Park,Murrindindi Shire Council,Marysville,3779,"51 Falls Road, MARYSVILLE 3779",-37.512886,145.750838,Basketball,1,Wooden Gymnasium,Indoor,0 - 5 Years,,,Sport and Recreational Facilities List - Victoria.xlsx,wholeIFMD,Filtered rows where Sports Played is Basketball. Exact duplicate sport rows removed; repeated facility IDs combined into one venue record. court_count sums distinct basketball surface/court rows for a venue where court count is available.
MURRIN11016,Kinglake Indoor Sports Stadium,Murrindindi Shire Council,Kinglake,3763,"Extons Road, KINGLAKE 3763",-37.508466,145.315298,Basketball,,,Unknown,,,,Sport and Recreational Facilities List - Victoria.xlsx,wholeIFMD,Filtered rows where Sports Played is Basketball. Exact duplicate sport rows removed; repeated facility IDs combined into one venue record. court_count sums distinct basketball surface/court rows for a venue where court count is available.
NILLUM11030,Community Bank Stadium,Nillumbik Shire Council,Diamond Creek,3089,"163 Main Hurstbridge Road, DIAMOND CREEK 3089",-37.673866,145.166055,Basketball,3,Wooden Gymnasium,Indoor,0 - 5 Years,5. Very Good,5.0,Sport and Recreational Facilities List - Victoria.xlsx,wholeIFMD,Filtered rows where Sports Played is Basketball. Exact duplicate sport rows removed; repeated facility IDs combined into one venue record. court_count sums distinct basketball surface/court rows for a venue where court count is available.
NILLUM11034,Diamond Creek Community Centre,Nillumbik Shire Council,Diamond Creek,3089,"Main Hurstbridge Road, DIAMOND CREEK 3089",-37.674475,145.155899,Basketball,1,Wooden Gymnasium,Indoor,26 - 50 Years,2. Poor,2.0,Sport and Recreational Facilities List - Victoria.xlsx,wholeIFMD,Filtered rows where Sports Played is Basketball. Exact duplicate sport rows removed; repeated facility IDs combined into one venue record. court_count sums distinct basketball surface/court rows for a venue where court count is available.
NILLUM11039,Diamond Valley Sports and Fitness Centre,Nillumbik Shire Council,Greensborough,3088,"Civic Drive, GREENSBOROUGH 3088",-37.688252,145.108263,Basketball,6,Wooden Gymnasium,Indoor,,2. Poor,2.0,Sport and Recreational Facilities List - Victoria.xlsx,wholeIFMD,Filtered rows where Sports Played is Basketball. Exact duplicate sport rows removed; repeated facility IDs combined into one venue record. court_count sums distinct basketball surface/court rows for a venue where court count is available.
NILLUM11041,Eltham Leisure Centre,Nillumbik Shire Council,Eltham,3095,"40 Brougham Street, ELTHAM 3095",-37.723284,145.141748,Basketball,2,Wooden Gymnasium,Indoor,26 - 50 Years,1. Very Poor,1.0,Sport and Recreational Facilities List - Victoria.xlsx,wholeIFMD,Filtered rows where Sports Played is Basketball. Exact duplicate sport rows removed; repeated facility IDs combined into one venue record. court_count sums distinct basketball surface/court rows for a venue where court count is available.
NORTHE12641,St Arnaud Indoor Sports Stadium,Northern Grampians Shire Council,St Arnaud,3478,"Navarre Road, ST ARNAUD 3478",-36.619038,143.252389,Basketball,2,Wooden Gymnasium,Indoor,26 - 50 Years,3. Average,3.0,Sport and Recreational Facilities List - Victoria.xlsx,wholeIFMD,Filtered rows where Sports Played is Basketball. Exact duplicate sport rows removed; repeated facility IDs combined into one venue record. court_count sums distinct basketball surface/court rows for a venue where court count is available.
NORTHE12646,Stawell Leisure Complex,Northern Grampians Shire Council,Stawell,3380,"Houston Street, STAWELL 3380",-37.051903,142.778398,Basketball,1,,Unknown,26 - 50 Years,4. Good,4.0,Sport and Recreational Facilities List - Victoria.xlsx,wholeIFMD,Filtered rows where Sports Played is Basketball. Exact duplicate sport rows removed; repeated facility IDs combined into one venue record. court_count sums distinct basketball surface/court rows for a venue where court count is available.
PORTPH12156,Melbourne Sports & Aquatic Centre,Port Phillip City Council,Albert Park,3206,"Aughtie Drive, ALBERT PARK 3206",-37.842948,144.960718,Basketball,10,Wooden Gymnasium,Indoor,,,,Sport and Recreational Facilities List - Victoria.xlsx,wholeIFMD,Filtered rows where Sports Played is Basketball. Exact duplicate sport rows removed; repeated facility IDs combined into one venue record. court_count sums distinct basketball surface/court rows for a venue where court count is available.
PORTPH12164,R.F. Julier Reserve,Port Phillip City Council,Port Melbourne,3207,"Dunstan Parade, PORT MELBOURNE 3207",-37.837687,144.922502,Basketball,2,Asphalt,Outdoor,51 Years +,2. Poor,2.0,Sport and Recreational Facilities List - Victoria.xlsx,wholeIFMD,Filtered rows where Sports Played is Basketball. Exact duplicate sport rows removed; repeated facility IDs combined into one venue record. court_count sums distinct basketball surface/court rows for a venue where court count is available.
PORTPH12173,St Kilda Police & Citizens Youth Club,Port Phillip City Council,St Kilda,3182,"179 Inkerman Street, ST KILDA 3182",-37.865218,144.989122,Basketball,1,Wooden Gymnasium,Indoor,26 - 50 Years,2. Poor,2.0,Sport and Recreational Facilities List - Victoria.xlsx,wholeIFMD,Filtered rows where Sports Played is Basketball. Exact duplicate sport rows removed; repeated facility IDs combined into one venue record. court_count sums distinct basketball surface/court rows for a venue where court count is available.
GREATE12150,Shepparton Sports Stadium,Shepparton City Council,Shepparton,3630,"Numurkah Road, SHEPPARTON 3630",-36.355829,145.400466,Basketball,4,Wooden Gymnasium,Indoor,26 - 50 Years,3. Average,3.0,Sport and Recreational Facilities List - Victoria.xlsx,wholeIFMD,Filtered rows where Sports Played is Basketball. Exact duplicate sport rows removed; repeated facility IDs combined into one venue record. court_count sums distinct basketball surface/court rows for a venue where court count is available.
GREATE12156,Tatura Sports Stadium,Shepparton City Council,Tatura,3616,"Albert Street, TATURA 3616",-36.4472,145.22856,Basketball,1,Wooden Gymnasium,Indoor,26 - 50 Years,4. Good,4.0,Sport and Recreational Facilities List - Victoria.xlsx,wholeIFMD,Filtered rows where Sports Played is Basketball. Exact duplicate sport rows removed; repeated facility IDs combined into one venue record. court_count sums distinct basketball surface/court rows for a venue where court count is available.
SOUTHG12395,Arthur Sutherland Reserve,South Gippsland Shire Council,Welshpool,3966,"Port Welshpool Road, WELSHPOOL 3966",-38.671795,146.444822,Basketball,1,Wooden Gymnasium,Indoor,26 - 50 Years,,,Sport and Recreational Facilities List - Victoria.xlsx,wholeIFMD,Filtered rows where Sports Played is Basketball. Exact duplicate sport rows removed; repeated facility IDs combined into one venue record. court_count sums distinct basketball surface/court rows for a venue where court count is available.
SOUTHG12430,Foster Showgrounds Reserve,South Gippsland Shire Council,Foster,3960,"39 Station Street, FOSTER 3960",-38.656528,146.205701,Basketball,1,Wooden Gymnasium,Indoor,26 - 50 Years,3. Average,3.0,Sport and Recreational Facilities List - Victoria.xlsx,wholeIFMD,Filtered rows where Sports Played is Basketball. Exact duplicate sport rows removed; repeated facility IDs combined into one venue record. court_count sums distinct basketball surface/court rows for a venue where court count is available.
SOUTHG12456,Korumburra Sports Centre,South Gippsland Shire Council,Korumburra,3950,"Charles Street, KORUMBURRA 3950",-38.428858,145.820018,Basketball,2,Wooden Gymnasium,Indoor,26 - 50 Years,4. Good,4.0,Sport and Recreational Facilities List - Victoria.xlsx,wholeIFMD,Filtered rows where Sports Played is Basketball. Exact duplicate sport rows removed; repeated facility IDs combined into one venue record. court_count sums distinct basketball surface/court rows for a venue where court count is available.
SOUTHG12410,Leongatha Recreation Reserve,South Gippsland Shire Council,Leongatha,3953,"52 Roughhead Street, LEONGATHA 3953",-38.468655,145.947975,Basketball,,Wooden Gymnasium,Indoor,6 - 10 Years,5. Very Good,5.0,Sport and Recreational Facilities List - Victoria.xlsx,wholeIFMD,Filtered rows where Sports Played is Basketball. Exact duplicate sport rows removed; repeated facility IDs combined into one venue record. court_count sums distinct basketball surface/court rows for a venue where court count is available.
SOUTHG12457,Meeniyan Stadium,South Gippsland Shire Council,Meeniyan,3956,"Mckitterick Street, MEENIYAN 3956",-38.579182,146.014598,Basketball,1,,Unknown,,3. Average,3.0,Sport and Recreational Facilities List - Victoria.xlsx,wholeIFMD,Filtered rows where Sports Played is Basketball. Exact duplicate sport rows removed; repeated facility IDs combined into one venue record. court_count sums distinct basketball surface/court rows for a venue where court count is available.
SOUTHG12419,Mirboo North Secondary College,South Gippsland Shire Council,Mirboo North,3871,"2 castle Street, MIRBOO NORTH 3871",-38.401961,146.146844,Basketball,2,Wooden Gymnasium,Indoor,,,,Sport and Recreational Facilities List - Victoria.xlsx,wholeIFMD,Filtered rows where Sports Played is Basketball. Exact duplicate sport rows removed; repeated facility IDs combined into one venue record. court_count sums distinct basketball surface/court rows for a venue where court count is available.
SOUTHG12450,Poowong Sports Stadium,South Gippsland Shire Council,Poowong,3988,"6 Nyora Road, POOWONG 3988",-38.3422,145.764164,Basketball,1,Wooden Gymnasium,Indoor,26 - 50 Years,3. Average,3.0,Sport and Recreational Facilities List - Victoria.xlsx,wholeIFMD,Filtered rows where Sports Played is Basketball. Exact duplicate sport rows removed; repeated facility IDs combined into one venue record. court_count sums distinct basketball surface/court rows for a venue where court count is available.
SOUTHG12429,South Gippsland Splash,South Gippsland Shire Council,Leongatha,3953,"Roughhead Street, LEONGATHA 3953",-38.468655,145.947975,Basketball,2,Wooden Gymnasium,Indoor,6 - 10 Years,5. Very Good,5.0,Sport and Recreational Facilities List - Victoria.xlsx,wholeIFMD,Filtered rows where Sports Played is Basketball. Exact duplicate sport rows removed; repeated facility IDs combined into one venue record. court_count sums distinct basketball surface/court rows for a venue where court count is available.
SOUTHE11406,Hamilton Indoor Leisure & Aquatic Centre,Southern Grampians Shire Council,Hamilton,3300,"Shakespear Street, HAMILTON 3300",-37.732146,142.017872,Basketball,1,Wooden Gymnasium,Indoor,6 - 10 Years,5. Very Good,5.0,Sport and Recreational Facilities List - Victoria.xlsx,wholeIFMD,Filtered rows where Sports Played is Basketball. Exact duplicate sport rows removed; repeated facility IDs combined into one venue record. court_count sums distinct basketball surface/court rows for a venue where court count is available.
STONNI11954,Orrong Romanis Recreation Centre,Stonnington City Council,Prahran,3181,"2 Molesworth Street, PRAHRAN 3181",-37.849669,145.010181,Basketball,2,Wooden Gymnasium,Indoor,11 - 25 Years,4. Good,4.0,Sport and Recreational Facilities List - Victoria.xlsx,wholeIFMD,Filtered rows where Sports Played is Basketball. Exact duplicate sport rows removed; repeated facility IDs combined into one venue record. court_count sums distinct basketball surface/court rows for a venue where court count is available.
STONNI11928,Penpraze Park,Stonnington City Council,East Malvern,3145,"10 Victoria Road South, EAST MALVERN 3145",-37.870796,145.037935,Basketball,1,Wooden Gymnasium,Indoor,26 - 50 Years,3. Average,3.0,Sport and Recreational Facilities List - Victoria.xlsx,wholeIFMD,Filtered rows where Sports Played is Basketball. Exact duplicate sport rows removed; repeated facility IDs combined into one venue record. court_count sums distinct basketball surface/court rows for a venue where court count is available.
STONNI11956,Princess Gardens,Stonnington City Council,Prahran,3181,"12 Little Chapel Street, PRAHRAN 3181",-37.848235,144.995407,Basketball,1,,Unknown,,,,Sport and Recreational Facilities List - Victoria.xlsx,wholeIFMD,Filtered rows where Sports Played is Basketball. Exact duplicate sport rows removed; repeated facility IDs combined into one venue record. court_count sums distinct basketball surface/court rows for a venue where court count is available.
STONNI11961,South Yarra Sports Centre,Stonnington City Council,South Yarra,3141,"679 Chapel Street, SOUTH YARRA 3141",-37.836983,144.995195,Basketball,,Wooden Gymnasium,Indoor,11 - 25 Years,4. Good,4.0,Sport and Recreational Facilities List - Victoria.xlsx,wholeIFMD,Filtered rows where Sports Played is Basketball. Exact duplicate sport rows removed; repeated facility IDs combined into one venue record. court_count sums distinct basketball surface/court rows for a venue where court count is available.
STRATH12901,EUROA ECAS Centre,Strathbogie Shire Council,Euroa,3666,"Clifton Street, EUROA 3666",-36.758321,145.56436,Basketball,4,Wooden Gymnasium,Indoor,11 - 25 Years,4. Good,4.0,Sport and Recreational Facilities List - Victoria.xlsx,wholeIFMD,Filtered rows where Sports Played is Basketball. Exact duplicate sport rows removed; repeated facility IDs combined into one venue record. court_count sums distinct basketball surface/court rows for a venue where court count is available.
SURFCO5499,Anderson Roadknight Reserve,Surf Coast Shire Council,Aireys Inlet,3231,"6 Great Ocean Road, AIREYS INLET 3231",-38.456467,144.108365,Basketball,1,Wooden Gymnasium,Indoor,11 - 25 Years,2. Poor,2.0,Sport and Recreational Facilities List - Victoria.xlsx,wholeIFMD,Filtered rows where Sports Played is Basketball. Exact duplicate sport rows removed; repeated facility IDs combined into one venue record. court_count sums distinct basketball surface/court rows for a venue where court count is available.
SURFCO11860,Connewarre Memorial Reserve,Surf Coast Shire Council,Connewarre,3227,"15 Randles Road, CONNEWARRE 3227",-38.265194,144.398403,Basketball,1,Asphalt,Outdoor,26 - 50 Years,2. Poor,2.0,Sport and Recreational Facilities List - Victoria.xlsx,wholeIFMD,Filtered rows where Sports Played is Basketball. Exact duplicate sport rows removed; repeated facility IDs combined into one venue record. court_count sums distinct basketball surface/court rows for a venue where court count is available.
SURFCO11866,Lorne Leisure Centre,Surf Coast Shire Council,Lorne,3232,"45 Otway Street, LORNE 3232",-38.539579,143.972245,Basketball,1,Wooden Gymnasium,Indoor,26 - 50 Years,3. Average,3.0,Sport and Recreational Facilities List - Victoria.xlsx,wholeIFMD,Filtered rows where Sports Played is Basketball. Exact duplicate sport rows removed; repeated facility IDs combined into one venue record. court_count sums distinct basketball surface/court rows for a venue where court count is available.
SURFCO5513,Surf Coast Secondary College,Surf Coast Shire Council,Torquay,3228,"75 White Street, TORQUAY 3228",-38.304533,144.322765,Basketball,3,Wooden Gymnasium; Asphalt,Mixed/Multiple,0 - 5 Years,5. Very Good; 4. Good,4.5,Sport and Recreational Facilities List - Victoria.xlsx,wholeIFMD,Filtered rows where Sports Played is Basketball. Exact duplicate sport rows removed; repeated facility IDs combined into one venue record. court_count sums distinct basketball surface/court rows for a venue where court count is available.
SURFCO11880,Surf Coast Sport & Recreation Centre,Surf Coast Shire Council,Torquay,3228,"77 Beach Road, TORQUAY 3228",-38.326431,144.315762,Basketball,1,Wooden Gymnasium,Indoor,26 - 50 Years,3. Average,3.0,Sport and Recreational Facilities List - Victoria.xlsx,wholeIFMD,Filtered rows where Sports Played is Basketball. Exact duplicate sport rows removed; repeated facility IDs combined into one venue record. court_count sums distinct basketball surface/court rows for a venue where court count is available.
SURFCO5518,Winchelsea Leisuretime Centre,Surf Coast Shire Council,Winchelsea,3241,"15 Gosney Street, WINCHELSEA 3241",-38.243358,143.983177,Basketball,1,Wooden Gymnasium,Indoor,26 - 50 Years,1. Very Poor,1.0,Sport and Recreational Facilities List - Victoria.xlsx,wholeIFMD,Filtered rows where Sports Played is Basketball. Exact duplicate sport rows removed; repeated facility IDs combined into one venue record. court_count sums distinct basketball surface/court rows for a venue where court count is available.
SWANHI9470,Robinvale Leisure Centre,Swan Hill Rural City Council,Robinvale,3549,"75 Latje Road, ROBINVALE 3549",-34.58181,142.777948,Basketball,1,Wooden Gymnasium,Indoor,6 - 10 Years,4. Good,4.0,Sport and Recreational Facilities List - Victoria.xlsx,wholeIFMD,Filtered rows where Sports Played is Basketball. Exact duplicate sport rows removed; repeated facility IDs combined into one venue record. court_count sums distinct basketball surface/court rows for a venue where court count is available.
SWANHI9481,Swan Hill Indoor Sport and Recreation Centre,Swan Hill Rural City Council,Swan Hill,3585,"15 Gray street, SWAN HILL 3585",-35.348308,143.559441,Basketball,4,,Unknown,51 Years +,3. Average,3.0,Sport and Recreational Facilities List - Victoria.xlsx,wholeIFMD,Filtered rows where Sports Played is Basketball. Exact duplicate sport rows removed; repeated facility IDs combined into one venue record. court_count sums distinct basketball surface/court rows for a venue where court count is available.
SWANHI9475,Swan Hill Leisure centre,Swan Hill Rural City Council,Swan Hill,3585,"21 Pritchard street, SWAN HILL 3585",-35.337736,143.553679,Basketball,1,Rubber Mat (On concrete),Mixed/Multiple,6 - 10 Years,4. Good,4.0,Sport and Recreational Facilities List - Victoria.xlsx,wholeIFMD,Filtered rows where Sports Played is Basketball. Exact duplicate sport rows removed; repeated facility IDs combined into one venue record. court_count sums distinct basketball surface/court rows for a venue where court count is available.
WANGAR11528,Wangaratta Indoor Sports & Aquatic Centre,Wangaratta Rural City Council,Wangaratta,3678,"Schilling Drive, WANGARATTA 3678",-36.342895,146.315384,Basketball,3,Wooden Gymnasium,Indoor,26 - 50 Years,5. Very Good,5.0,Sport and Recreational Facilities List - Victoria.xlsx,wholeIFMD,Filtered rows where Sports Played is Basketball. Exact duplicate sport rows removed; repeated facility IDs combined into one venue record. court_count sums distinct basketball surface/court rows for a venue where court count is available.
WARRNA11726,Brauer College,Warrnambool City Council,Warrnambool,3280,"Caramut Road, WARRNAMBOOL 3280",-38.359147,142.458928,Basketball,1,Wooden Gymnasium,Indoor,26 - 50 Years,4. Good,4.0,Sport and Recreational Facilities List - Victoria.xlsx,wholeIFMD,Filtered rows where Sports Played is Basketball. Exact duplicate sport rows removed; repeated facility IDs combined into one venue record. court_count sums distinct basketball surface/court rows for a venue where court count is available.
WARRNA11704,Warrnambool Stadium,Warrnambool City Council,Warrnambool,3280,"Caramut Road, WARRNAMBOOL 3280",-38.355638,142.459277,Basketball,4,Wooden Gymnasium,Indoor,11 - 25 Years,4. Good,4.0,Sport and Recreational Facilities List - Victoria.xlsx,wholeIFMD,Filtered rows where Sports Played is Basketball. Exact duplicate sport rows removed; repeated facility IDs combined into one venue record. court_count sums distinct basketball surface/court rows for a venue where court count is available.
WELLIN11048,Bishop Phelan Stadium,Wellington Shire Council,Sale,3850,"48 Pearson Street, SALE 3850",,,Basketball,2,Wooden Gymnasium,Indoor,,,,Sport and Recreational Facilities List - Victoria.xlsx,wholeIFMD,Filtered rows where Sports Played is Basketball. Exact duplicate sport rows removed; repeated facility IDs combined into one venue record. court_count sums distinct basketball surface/court rows for a venue where court count is available.
WELLIN11000,Cameron Sporting Complex,Wellington Shire Council,Maffra,3860,"Morison Street, MAFFRA 3860",-37.956592,146.996349,Basketball,2,Wooden Gymnasium,Indoor,,,,Sport and Recreational Facilities List - Victoria.xlsx,wholeIFMD,Filtered rows where Sports Played is Basketball. Exact duplicate sport rows removed; repeated facility IDs combined into one venue record. court_count sums distinct basketball surface/court rows for a venue where court count is available.
WELLIN5647,Gippsland Regional Sports Complex,Wellington Shire Council,Sale,,"Cobains Road, SALE",-38.089,147.085,Basketball,,,Unknown,,,,Sport and Recreational Facilities List - Victoria.xlsx,wholeIFMD,Filtered rows where Sports Played is Basketball. Exact duplicate sport rows removed; repeated facility IDs combined into one venue record. court_count sums distinct basketball surface/court rows for a venue where court count is available.
WELLIN10996,Gippsland Regional Sports Complex,Wellington Shire Council,Sale,3850,"116 Cobains Road, SALE 3850",-38.086739,147.07139,Basketball,4,Synthetic,Outdoor,,,,Sport and Recreational Facilities List - Victoria.xlsx,wholeIFMD,Filtered rows where Sports Played is Basketball. Exact duplicate sport rows removed; repeated facility IDs combined into one venue record. court_count sums distinct basketball surface/court rows for a venue where court count is available.
WELLIN10999,Gordon Street Recreation Reserve,Wellington Shire Council,Heyfield,3858,"Gordon Street, HEYFIELD 3858",-37.981175,146.792318,Basketball,1,Wooden Gymnasium,Indoor,,,,Sport and Recreational Facilities List - Victoria.xlsx,wholeIFMD,Filtered rows where Sports Played is Basketball. Exact duplicate sport rows removed; repeated facility IDs combined into one venue record. court_count sums distinct basketball surface/court rows for a venue where court count is available.
WESTWI9495,Edenhope Kowree Sport Complex,West Wimmera Shire Council,Edenhope,3318,"Lake Street, EDENHOPE 3318",-37.03346,141.298107,Basketball,,,Unknown,11 - 25 Years,4. Good,4.0,Sport and Recreational Facilities List - Victoria.xlsx,wholeIFMD,Filtered rows where Sports Played is Basketball. Exact duplicate sport rows removed; repeated facility IDs combined into one venue record. court_count sums distinct basketball surface/court rows for a venue where court count is available.
WESTWI9510,Kaniva Sport Complex,West Wimmera Shire Council,Kaniva,3419,"Farmer Street, KANIVA 3419",-36.383359,141.245901,Basketball,1,,Unknown,26 - 50 Years,5. Very Good,5.0,Sport and Recreational Facilities List - Victoria.xlsx,wholeIFMD,Filtered rows where Sports Played is Basketball. Exact duplicate sport rows removed; repeated facility IDs combined into one venue record. court_count sums distinct basketball surface/court rows for a venue where court count is available.
WHITEH10987,Aqualink Box Hill,Whitehorse City Council,Box Hill,3128,"Surry Drive, BOX HILL 3128",-37.826162,145.117616,Basketball,3,Wooden Gymnasium,Indoor,26 - 50 Years,5. Very Good,5.0,Sport and Recreational Facilities List - Victoria.xlsx,wholeIFMD,Filtered rows where Sports Played is Basketball. Exact duplicate sport rows removed; repeated facility IDs combined into one venue record. court_count sums distinct basketball surface/court rows for a venue where court count is available.
WHITEH11007,Deakin YMCA,Whitehorse City Council,Burwood,3125,"221 Burwood Hwy, BURWOOD 3125",-37.84695,145.116446,Basketball,2,Wooden Gymnasium,Indoor,,,,Sport and Recreational Facilities List - Victoria.xlsx,wholeIFMD,Filtered rows where Sports Played is Basketball. Exact duplicate sport rows removed; repeated facility IDs combined into one venue record. court_count sums distinct basketball surface/court rows for a venue where court count is available.
WHITEH11029,Mont Albert Reserve,Whitehorse City Council,Mont Albert,3127,"Dunloe Avenue, MONT ALBERT 3127",-37.809366,145.11032,Basketball,2,Asphalt,Outdoor,,,,Sport and Recreational Facilities List - Victoria.xlsx,wholeIFMD,Filtered rows where Sports Played is Basketball. Exact duplicate sport rows removed; repeated facility IDs combined into one venue record. court_count sums distinct basketball surface/court rows for a venue where court count is available.
WHITEH11033,Nunawading Basketball Centre,Whitehorse City Council,Burwood East,3151,"Burwood Hwy, BURWOOD EAST 3151",-37.854187,145.161755,Basketball,5,Wooden Gymnasium,Indoor,26 - 50 Years,3. Average,3.0,Sport and Recreational Facilities List - Victoria.xlsx,wholeIFMD,Filtered rows where Sports Played is Basketball. Exact duplicate sport rows removed; repeated facility IDs combined into one venue record. court_count sums distinct basketball surface/court rows for a venue where court count is available.
WHITEH11034,Nunawading Community Centre,Whitehorse City Council,Nunawading,3131,"Oval Way, NUNAWADING 3131",-37.819679,145.172854,Basketball,1,Wooden Gymnasium,Indoor,51 Years +,2. Poor,2.0,Sport and Recreational Facilities List - Victoria.xlsx,wholeIFMD,Filtered rows where Sports Played is Basketball. Exact duplicate sport rows removed; repeated facility IDs combined into one venue record. court_count sums distinct basketball surface/court rows for a venue where court count is available.
WHITEH11040,Sportlink,Whitehorse City Council,Vermont South,3133,"2 Hanover Road, VERMONT SOUTH 3133",-37.853585,145.183854,Basketball,4,Wooden Gymnasium,Indoor,0 - 5 Years,5. Very Good,5.0,Sport and Recreational Facilities List - Victoria.xlsx,wholeIFMD,Filtered rows where Sports Played is Basketball. Exact duplicate sport rows removed; repeated facility IDs combined into one venue record. court_count sums distinct basketball surface/court rows for a venue where court count is available.
WHITEH11042,Surrey Park,Whitehorse City Council,Box Hill South,3128,"Surrey Drive, BOX HILL SOUTH 3128",-37.825769,145.117722,Basketball,2,,Unknown,,,,Sport and Recreational Facilities List - Victoria.xlsx,wholeIFMD,Filtered rows where Sports Played is Basketball. Exact duplicate sport rows removed; repeated facility IDs combined into one venue record. court_count sums distinct basketball surface/court rows for a venue where court count is available.
WHITTL9519,Bundoora Netball and Sports Centre,Whittlesea City Council,Bundoora,3083,"Mckimmies Road, BUNDOORA 3083",-37.68007,145.061886,Basketball,4,Wooden Gymnasium,Indoor,,,,Sport and Recreational Facilities List - Victoria.xlsx,wholeIFMD,Filtered rows where Sports Played is Basketball. Exact duplicate sport rows removed; repeated facility IDs combined into one venue record. court_count sums distinct basketball surface/court rows for a venue where court count is available.
WHITTL9530,Leisure City Epping,Whittlesea City Council,Epping,3076,"41 - 53 Miller Street, EPPING 3076",-37.647829,145.018148,Basketball,,,Unknown,,,,Sport and Recreational Facilities List - Victoria.xlsx,wholeIFMD,Filtered rows where Sports Played is Basketball. Exact duplicate sport rows removed; repeated facility IDs combined into one venue record. court_count sums distinct basketball surface/court rows for a venue where court count is available.
WHITTL9515,Norris Bank Reserve,Whittlesea City Council,Bundoora,3083,"Mcleans Road, BUNDOORA 3083",-37.694904,145.048996,Basketball,1,Asphalt,Outdoor,11 - 25 Years,4. Good,4.0,Sport and Recreational Facilities List - Victoria.xlsx,wholeIFMD,Filtered rows where Sports Played is Basketball. Exact duplicate sport rows removed; repeated facility IDs combined into one venue record. court_count sums distinct basketball surface/court rows for a venue where court count is available.
WHITTL9545,Redleap Reserve & Mill Park Basketball Stadium,Whittlesea City Council,Mill Park,3082,"Redleap Avenue, MILL PARK 3082",-37.666566,145.062758,Basketball,4,Wooden Gymnasium,Indoor,11 - 25 Years,4. Good,4.0,Sport and Recreational Facilities List - Victoria.xlsx,wholeIFMD,Filtered rows where Sports Played is Basketball. Exact duplicate sport rows removed; repeated facility IDs combined into one venue record. court_count sums distinct basketball surface/court rows for a venue where court count is available.
WHITTL9548,Riverside reserve,Whittlesea City Council,South Morang,3752,"Doreen rogan way, SOUTH MORANG 3752",-37.654147,145.092989,Basketball,1,Asphalt,Outdoor,11 - 25 Years,3. Average,3.0,Sport and Recreational Facilities List - Victoria.xlsx,wholeIFMD,Filtered rows where Sports Played is Basketball. Exact duplicate sport rows removed; repeated facility IDs combined into one venue record. court_count sums distinct basketball surface/court rows for a venue where court count is available.
WHITTL9547,Telopea Reserve,Whittlesea City Council,Mill Park,3082,"16-18 Telopea Cresent, MILL PARK 3082",-37.668174,145.074531,Basketball,1,Asphalt,Outdoor,11 - 25 Years,3. Average,3.0,Sport and Recreational Facilities List - Victoria.xlsx,wholeIFMD,Filtered rows where Sports Played is Basketball. Exact duplicate sport rows removed; repeated facility IDs combined into one venue record. court_count sums distinct basketball surface/court rows for a venue where court count is available.
WHITTL9534,Whittlesea Public Gardens,Whittlesea City Council,Lalor,3075,"Barry Road, LALOR 3075",-37.6688,144.984175,Basketball,1,Asphalt,Outdoor,6 - 10 Years,4. Good,4.0,Sport and Recreational Facilities List - Victoria.xlsx,wholeIFMD,Filtered rows where Sports Played is Basketball. Exact duplicate sport rows removed; repeated facility IDs combined into one venue record. court_count sums distinct basketball surface/court rows for a venue where court count is available.
WODONG11109,Wodonga Sports & Leisure Centre (YMCA),Wodonga City Council,Wondonga,3690,"Hedgerow Court, WONDONGA 3690",-36.127759,146.861798,Basketball,5,Wooden Gymnasium,Indoor,26 - 50 Years,4. Good,4.0,Sport and Recreational Facilities List - Victoria.xlsx,wholeIFMD,Filtered rows where Sports Played is Basketball. Exact duplicate sport rows removed; repeated facility IDs combined into one venue record. court_count sums distinct basketball surface/court rows for a venue where court count is available.
WYNDHA8530,Werribee Sports & Fitness Centre,Wyndham City Council,Werribee,3030,"Ballan Road, WERRIBEE 3030",-37.898601,144.640316,Basketball,6,Wooden Gymnasium,Indoor,,4. Good,4.0,Sport and Recreational Facilities List - Victoria.xlsx,wholeIFMD,Filtered rows where Sports Played is Basketball. Exact duplicate sport rows removed; repeated facility IDs combined into one venue record. court_count sums distinct basketball surface/court rows for a venue where court count is available.
YARRAC11029,Collingwood Secondary College,Yarra City Council,Collingwood,,"Mc Cutcheon Way, COLLINGWOOD",,,Basketball,2,Wooden Gymnasium,Indoor,11 - 25 Years,3. Average,3.0,Sport and Recreational Facilities List - Victoria.xlsx,wholeIFMD,Filtered rows where Sports Played is Basketball. Exact duplicate sport rows removed; repeated facility IDs combined into one venue record. court_count sums distinct basketball surface/court rows for a venue where court count is available.
YARRAC11032,Fitzroy Secondary School,Yarra City Council,Fitzroy,,"Falconer Street, FITZROY",,,Basketball,1,Wooden Gymnasium,Indoor,,,,Sport and Recreational Facilities List - Victoria.xlsx,wholeIFMD,Filtered rows where Sports Played is Basketball. Exact duplicate sport rows removed; repeated facility IDs combined into one venue record. court_count sums distinct basketball surface/court rows for a venue where court count is available.
YARRAC11028,Melbourne Girls College,Yarra City Council,Burnley,,"Yarra Boulevard, BURNLEY",,,Basketball,2,Wooden Gymnasium,Indoor,11 - 25 Years,,,Sport and Recreational Facilities List - Victoria.xlsx,wholeIFMD,Filtered rows where Sports Played is Basketball. Exact duplicate sport rows removed; repeated facility IDs combined into one venue record. court_count sums distinct basketball surface/court rows for a venue where court count is available.
YARRAC11030,Princes Hill Seconary College,Yarra City Council,Princes Hill,,"Arnold Strret, PRINCES HILL",,,Basketball,1,Wooden Gymnasium,Indoor,,,,Sport and Recreational Facilities List - Victoria.xlsx,wholeIFMD,Filtered rows where Sports Played is Basketball. Exact duplicate sport rows removed; repeated facility IDs combined into one venue record. court_count sums distinct basketball surface/court rows for a venue where court count is available.
YARRAR11450,Kilsyth Sports Centre,Yarra Ranges Shire Council,Kilsyth,3137,"95 Liverpool Road, KILSYTH 3137",-37.813485,145.319259,Basketball,6,Wooden Gymnasium,Indoor,11 - 25 Years,4. Good,4.0,Sport and Recreational Facilities List - Victoria.xlsx,wholeIFMD,Filtered rows where Sports Played is Basketball. Exact duplicate sport rows removed; repeated facility IDs combined into one venue record. court_count sums distinct basketball surface/court rows for a venue where court count is available.
YARRIA12713,Hopetoun Tennis Club,Yarriambiack Shire Council,Hopetoun,3396,"Austin Street, HOPETOUN 3396",-35.725862,142.366786,Basketball,2,Synthetic,Outdoor,11 - 25 Years,3. Average,3.0,Sport and Recreational Facilities List - Victoria.xlsx,wholeIFMD,Filtered rows where Sports Played is Basketball. Exact duplicate sport rows removed; repeated facility IDs combined into one venue record. court_count sums distinct basketball surface/court rows for a venue where court count is available.
YARRIA12733,Warracknabeal Leisure Complex,Yarriambiack Shire Council,Warracknabeal,3393,"Anderson Street, WARRACKNABEAL 3393",-36.252513,142.392379,Basketball,2,,Unknown,11 - 25 Years,3. Average,3.0,Sport and Recreational Facilities List - Victoria.xlsx,wholeIFMD,Filtered rows where Sports Played is Basketball. Exact duplicate sport rows removed; repeated facility IDs combined into one venue record. court_count sums distinct basketball surface/court rows for a venue where court count is available.
